Twitter Account,Tweet,Created Date,Tweets Ago,Compound Score,Positive Score,Neutral Score,Negative Score
@BBC,"Follow the dramatic and deadly series of events that took place at two funerals in Belfast in March 1988. 

The Fun‚Ä¶ https://t.co/y3MZaR8hsi",Mon Mar 19 19:33:04 +0000 2018,1,-0.3818,0.0,0.89,0.11
@BBC,"Leonardo DiCaprio stars in the true story of a con man who cashed fake cheques worth millions. 

Catch Me If You Ca‚Ä¶ https://t.co/HWShPj9ngi",Mon Mar 19 18:33:05 +0000 2018,2,0.1531,0.175,0.709,0.116
@BBC,"üòÇüì∏ @AlanCarr learned the hard way that you only get one shot at a school photo. #LiveAtTheApollo 

https://t.co/fv5JmcRgz4",Mon Mar 19 18:03:01 +0000 2018,3,-0.1027,0.0,0.92,0.08
@BBC,üé§Pop band @FifthHarmony have announced they're taking a break to pursue solo careers üé∂https://t.co/tLOR7h1gZy https://t.co/5c77Cfjfp6,Mon Mar 19 17:30:08 +0000 2018,4,0.0,0.0,1.0,0.0
@BBC,"Murder. Innocence. Lies. 

@AgathaChristie classic, #OrdealByInnocence, comes to @BBCOne soon.
https://t.co/qfJThHowXC",Mon Mar 19 17:00:05 +0000 2018,5,-0.7096,0.144,0.442,0.414
@BBC,Here are the latest snow scenes from around the UK. ‚ùÑÔ∏èüì∏ https://t.co/eTBGkQ4MPU https://t.co/txRHxkOn5C,Mon Mar 19 16:33:29 +0000 2018,6,0.0,0.0,1.0,0.0
@BBC,'Flabbergasted'. üé∂This is the incredible moment when eight London teenagers heard a live opera singer for the first‚Ä¶ https://t.co/jNki4Z61SE,Mon Mar 19 15:02:02 +0000 2018,7,0.0,0.0,1.0,0.0
@BBC,"Meet the dancing slum kids tipped for stardom by Rihanna üé∂
https://t.co/R61fzQGIzd https://t.co/wGcvBKmdaZ",Mon Mar 19 14:30:08 +0000 2018,8,0.0,0.0,1.0,0.0
@BBC,"RT @bbcgetinspired: The Nation's Billion Steps Challenge is here! üôå 

Yesterday we did an amazing 431 million steps ‚Äì can we do even better‚Ä¶",Mon Mar 19 13:44:55 +0000 2018,9,0.6588,0.212,0.788,0.0
@BBC,"üí≠ ""There's always that voice in the back of your head that says you're not good enough"". 

 üí™ @CarrieHFletcher on b‚Ä¶ https://t.co/0AsBxFFiQA",Mon Mar 19 13:03:04 +0000 2018,10,-0.3412,0.0,0.888,0.112
@BBC,RT @BBCRadioScot: This must have been some buzz! üêùüêùüêù https://t.co/0gqtbQBN1i,Mon Mar 19 12:55:17 +0000 2018,11,0.0,0.0,1.0,0.0
@BBC,Where are the UK's youngest and oldest city populations? https://t.co/eIU7UzqHBS https://t.co/vdXMTDluuX,Mon Mar 19 12:30:05 +0000 2018,12,0.0,0.0,1.0,0.0
@BBC,RT @BBCSport: This 102-shot badminton rally will leave you exhausted... https://t.co/LFC4r4iwiz,Mon Mar 19 11:50:58 +0000 2018,13,-0.0516,0.0,0.893,0.107
@BBC,"Have you got a passion for plants? üåøüå∏üå±üçÉüå∑

Test your knowledge of all things foliage in this quiz. üëâ‚Ä¶ https://t.co/evogV5ljAc",Mon Mar 19 11:33:04 +0000 2018,14,0.4588,0.143,0.857,0.0
@BBC,"RT @BBCSport: üéâ The Commonwealth Games are almost upon us! üéâ

Scotland's Lynsey Sharp has given us the inside track on preparing for succes‚Ä¶",Mon Mar 19 10:53:19 +0000 2018,15,0.0,0.0,1.0,0.0
@BBC,The oldest dog that the Dogs Trust has ever looked after has been given a new home. ‚ù§Ô∏èÔ∏èüê∂https://t.co/h0WQHkfMEf https://t.co/ixb7gesOIj,Mon Mar 19 10:33:03 +0000 2018,16,0.5106,0.163,0.837,0.0
@BBC,"RT @BBCR1: Desperately searching for any signs of spring like... üå∏

#MondayMotivation https://t.co/9jo3h4C7bu",Mon Mar 19 09:58:24 +0000 2018,17,-0.3818,0.0,0.809,0.191
@BBC,"RT @BBCRadioWales: ‚ùÑÔ∏è Snowy Cardiff! ‚õÑÔ∏è 

What‚Äôs it like for you?

#ButePark 
#Cardiff 
#MiniBeast
#Snow https://t.co/O8gY1qjHVE",Mon Mar 19 09:58:15 +0000 2018,18,0.4199,0.157,0.843,0.0
@BBC,"RT @BBCNews: Stem cell transplant ""game changer"" for MS patients https://t.co/BGWtdtXUAP",Mon Mar 19 09:58:10 +0000 2018,19,0.0,0.0,1.0,0.0
@BBC,RT @BBCBreakfast: Anyone want to play a game of spot Tracey's feet? Our floor manager Tracey had to dive behind the sofa to avoid being on‚Ä¶,Mon Mar 19 09:57:58 +0000 2018,20,0.128,0.133,0.789,0.079
@BBC,"Follow the dramatic and deadly series of events that took place at two funerals in Belfast in March 1988. 

The Fun‚Ä¶ https://t.co/y3MZaR8hsi",Mon Mar 19 19:33:04 +0000 2018,21,-0.3818,0.0,0.89,0.11
@BBC,"Leonardo DiCaprio stars in the true story of a con man who cashed fake cheques worth millions. 

Catch Me If You Ca‚Ä¶ https://t.co/HWShPj9ngi",Mon Mar 19 18:33:05 +0000 2018,22,0.1531,0.175,0.709,0.116
@BBC,"üòÇüì∏ @AlanCarr learned the hard way that you only get one shot at a school photo. #LiveAtTheApollo 

https://t.co/fv5JmcRgz4",Mon Mar 19 18:03:01 +0000 2018,23,-0.1027,0.0,0.92,0.08
@BBC,üé§Pop band @FifthHarmony have announced they're taking a break to pursue solo careers üé∂https://t.co/tLOR7h1gZy https://t.co/5c77Cfjfp6,Mon Mar 19 17:30:08 +0000 2018,24,0.0,0.0,1.0,0.0
@BBC,"Murder. Innocence. Lies. 

@AgathaChristie classic, #OrdealByInnocence, comes to @BBCOne soon.
https://t.co/qfJThHowXC",Mon Mar 19 17:00:05 +0000 2018,25,-0.7096,0.144,0.442,0.414
@BBC,Here are the latest snow scenes from around the UK. ‚ùÑÔ∏èüì∏ https://t.co/eTBGkQ4MPU https://t.co/txRHxkOn5C,Mon Mar 19 16:33:29 +0000 2018,26,0.0,0.0,1.0,0.0
@BBC,'Flabbergasted'. üé∂This is the incredible moment when eight London teenagers heard a live opera singer for the first‚Ä¶ https://t.co/jNki4Z61SE,Mon Mar 19 15:02:02 +0000 2018,27,0.0,0.0,1.0,0.0
@BBC,"Meet the dancing slum kids tipped for stardom by Rihanna üé∂
https://t.co/R61fzQGIzd https://t.co/wGcvBKmdaZ",Mon Mar 19 14:30:08 +0000 2018,28,0.0,0.0,1.0,0.0
@BBC,"RT @bbcgetinspired: The Nation's Billion Steps Challenge is here! üôå 

Yesterday we did an amazing 431 million steps ‚Äì can we do even better‚Ä¶",Mon Mar 19 13:44:55 +0000 2018,29,0.6588,0.212,0.788,0.0
@BBC,"üí≠ ""There's always that voice in the back of your head that says you're not good enough"". 

 üí™ @CarrieHFletcher on b‚Ä¶ https://t.co/0AsBxFFiQA",Mon Mar 19 13:03:04 +0000 2018,30,-0.3412,0.0,0.888,0.112
@BBC,RT @BBCRadioScot: This must have been some buzz! üêùüêùüêù https://t.co/0gqtbQBN1i,Mon Mar 19 12:55:17 +0000 2018,31,0.0,0.0,1.0,0.0
@BBC,Where are the UK's youngest and oldest city populations? https://t.co/eIU7UzqHBS https://t.co/vdXMTDluuX,Mon Mar 19 12:30:05 +0000 2018,32,0.0,0.0,1.0,0.0
@BBC,RT @BBCSport: This 102-shot badminton rally will leave you exhausted... https://t.co/LFC4r4iwiz,Mon Mar 19 11:50:58 +0000 2018,33,-0.0516,0.0,0.893,0.107
@BBC,"Have you got a passion for plants? üåøüå∏üå±üçÉüå∑

Test your knowledge of all things foliage in this quiz. üëâ‚Ä¶ https://t.co/evogV5ljAc",Mon Mar 19 11:33:04 +0000 2018,34,0.4588,0.143,0.857,0.0
@BBC,"RT @BBCSport: üéâ The Commonwealth Games are almost upon us! üéâ

Scotland's Lynsey Sharp has given us the inside track on preparing for succes‚Ä¶",Mon Mar 19 10:53:19 +0000 2018,35,0.0,0.0,1.0,0.0
@BBC,The oldest dog that the Dogs Trust has ever looked after has been given a new home. ‚ù§Ô∏èÔ∏èüê∂https://t.co/h0WQHkfMEf https://t.co/ixb7gesOIj,Mon Mar 19 10:33:03 +0000 2018,36,0.5106,0.163,0.837,0.0
@BBC,"RT @BBCR1: Desperately searching for any signs of spring like... üå∏

#MondayMotivation https://t.co/9jo3h4C7bu",Mon Mar 19 09:58:24 +0000 2018,37,-0.3818,0.0,0.809,0.191
@BBC,"RT @BBCRadioWales: ‚ùÑÔ∏è Snowy Cardiff! ‚õÑÔ∏è 

What‚Äôs it like for you?

#ButePark 
#Cardiff 
#MiniBeast
#Snow https://t.co/O8gY1qjHVE",Mon Mar 19 09:58:15 +0000 2018,38,0.4199,0.157,0.843,0.0
@BBC,"RT @BBCNews: Stem cell transplant ""game changer"" for MS patients https://t.co/BGWtdtXUAP",Mon Mar 19 09:58:10 +0000 2018,39,0.0,0.0,1.0,0.0
@BBC,RT @BBCBreakfast: Anyone want to play a game of spot Tracey's feet? Our floor manager Tracey had to dive behind the sofa to avoid being on‚Ä¶,Mon Mar 19 09:57:58 +0000 2018,40,0.128,0.133,0.789,0.079
@BBC,"'Who wants a normal life?' We should all be a little more like @chessmartinez. üëèüíñ #LiveAtTheApollo

https://t.co/VddL8zWJfS",Mon Mar 19 09:32:02 +0000 2018,41,0.3642,0.152,0.848,0.0
@BBC,"RT @BBCWthrWatchers: Some incredible photos sent in last night of the #Auroraborealis from Skye Woody, Cumbrian stargazer and DJStewie.  Di‚Ä¶",Mon Mar 19 09:27:50 +0000 2018,42,0.0,0.0,1.0,0.0
@BBC,Beautiful spring blossom in south-west China has been captured by drone https://t.co/WTo7JjiKXw,Mon Mar 19 08:45:02 +0000 2018,43,0.5994,0.262,0.738,0.0
@BBC,"ü§î Should we still be worried about the hole in the ozone layer?

üå§ @SimonOKing and @clarenasir investigate in their‚Ä¶ https://t.co/SZV3Df9y0t",Mon Mar 19 08:02:00 +0000 2018,44,-0.296,0.0,0.891,0.109
@BBC,"üèÉüí™ @LesDennis, @SimplySusannah, @Tameka_Empson and Miles Jupp embark on a muscle-grinding mission to regain their f‚Ä¶ https://t.co/B1rXaalmk2",Sun Mar 18 20:30:11 +0000 2018,45,0.0,0.0,1.0,0.0
@BBC,üëéüíå Fans of K-Pop boyband member @IBGDRGN have been asked to stop sending fan mail to the army base where he's doing‚Ä¶ https://t.co/ojtDZ3gMfb,Sun Mar 18 20:03:04 +0000 2018,46,0.0258,0.09,0.824,0.086
@BBC,"Saoirse Ronan stars as Eilis, a young girl who jumps at the chance of a better life when she emigrates to New York.‚Ä¶ https://t.co/NtHAfh6cjZ",Sun Mar 18 19:33:04 +0000 2018,47,0.5994,0.197,0.803,0.0
@BBC,"Ruth Ellis was only 28 when she became the last woman hanged to death in the UK. 

#TheRuthEllisFiles | Watch on‚Ä¶ https://t.co/5kUIFtom7t",Sun Mar 18 18:44:02 +0000 2018,48,-0.5994,0.0,0.837,0.163
@BBC,"RT @BBC_TopGear: 840bhp goes a little like this‚Ä¶

@Matt_LeBlanc takes the Dodge Challenger SRT #Demon to the drag strip in this Sunday‚Äôs @T‚Ä¶",Sun Mar 18 18:34:14 +0000 2018,49,0.204,0.151,0.772,0.077
@BBC,"RT @bbcthree: Be honest, do you think you'll be this fit at 81? https://t.co/Eca0uGCF6b",Sun Mar 18 17:18:12 +0000 2018,50,0.7331,0.34,0.66,0.0
@BBC,"üçéüóë How much food do you throw away? If you're a typical Brit, you probably think it's hardly any.

You're in denial‚Ä¶ https://t.co/0bSCbRrZJr",Sun Mar 18 17:04:03 +0000 2018,51,0.0,0.0,1.0,0.0
@BBC,"‚ù§Ô∏èÔ∏èüì∏Zun Lee wants his photography to give a balanced and nuanced portrayal of black fatherhood.

üëâ‚Ä¶ https://t.co/LodRrr27fd",Sun Mar 18 16:33:17 +0000 2018,52,0.0,0.0,1.0,0.0
@BBC,"ü§∞ A doctor explains why you can get pregnant and give birth without having a baby bump. 
üëâ https://t.co/nVrSpQoTOT https://t.co/iEEOjZdBKL",Sun Mar 18 15:41:04 +0000 2018,53,0.0,0.0,1.0,0.0
@BBC,RT @BBCEngland: A number of runners have held their own half-marathon in Reading after the official event was called off due to the snowy w‚Ä¶,Sun Mar 18 14:33:07 +0000 2018,54,0.0772,0.053,0.947,0.0
@BBC,RT @BBCSport: They‚Äôve done it! Gold for GB‚Äôs Menna Fitzpatrick and Jen Kehoe in the visually impaired slalom at the Winter Paralympics. And‚Ä¶,Sun Mar 18 14:28:23 +0000 2018,55,0.0,0.0,1.0,0.0
@BBC,üì±üöó Why a rise in electric cars could also mean a hike in the cost of your next phone. https://t.co/6i5xFQgRIW,Sun Mar 18 14:18:01 +0000 2018,56,0.0,0.0,1.0,0.0
@BBC,RT @BBC6Music: ‚úèÔ∏è Which song has the greatest opening line?,Sun Mar 18 14:08:37 +0000 2018,57,0.6369,0.318,0.682,0.0
@BBC,üé§Pop music is awash with those that released one hit album and never followed it up. Here are 7 huge artists that o‚Ä¶ https://t.co/4ukT9drcdG,Sun Mar 18 13:45:03 +0000 2018,58,0.3182,0.095,0.905,0.0
@BBC,"üçîüò≤ Would you eat a burger pie?  
#BackInTimeForTea https://t.co/zGWzJwdSlM",Sun Mar 18 13:00:08 +0000 2018,59,0.0,0.0,1.0,0.0
@BBC,RT @BBCOne: If food is the language of love... https://t.co/5hnYovE94o,Sun Mar 18 12:29:50 +0000 2018,60,0.0,0.0,1.0,0.0
@BBC,"Ever wondered why David Bowie wore an eye patch?

Strange things artists have worn on stage and the reasons why. 
üëâ‚Ä¶ https://t.co/8zSBXQkLvy",Sun Mar 18 11:43:04 +0000 2018,61,-0.4588,0.0,0.833,0.167
@BBC,"üçûü•ñ Want to learn how to bake bread?

These easy to follow recipes and step-by-step videos will have you baking ever‚Ä¶ https://t.co/iXEmj5WJdD",Sun Mar 18 10:30:04 +0000 2018,62,0.4939,0.174,0.826,0.0
@BBC,"‚ÄúI regret spending ¬£50,000 on my wedding.‚Äù https://t.co/6PxJsDf9dn https://t.co/eJdx7KMmmK",Sun Mar 18 10:00:08 +0000 2018,63,-0.4215,0.0,0.741,0.259
@BBC,"How to be 20 on the inside, even when you‚Äôre 80 on the outside... https://t.co/KB2mqpkrIB",Sun Mar 18 09:30:03 +0000 2018,64,0.0,0.0,1.0,0.0
@BBC,"RT @BBCNews: Snow and ice are bringing disruption to many parts of the UK - but they're not stopping everyone from having fun üê∂‚ùÑÔ∏è

https://‚Ä¶",Sun Mar 18 09:19:33 +0000 2018,65,0.656,0.212,0.727,0.061
@BBC,"RT @bbc5live: The beast from the east is back ‚ùÑÔ∏èüå®Ô∏è

You've been in touch this morning with your #uksnow pics, here are just a few...

What'‚Ä¶",Sun Mar 18 09:10:02 +0000 2018,66,0.0,0.0,1.0,0.0
@BBC,"These seven celebrities are about to go on the journey of a lifetime... #Pilgrimage
https://t.co/m45UBXJew2",Sat Mar 17 20:02:01 +0000 2018,67,0.0,0.0,1.0,0.0
@BBC,Can we just take a moment to discuss Eddie Redmanyne's coats?https://t.co/odVkhWyRKs,Sat Mar 17 19:21:02 +0000 2018,68,0.0,0.0,1.0,0.0
@BBC,"Ouch! üòÇüî•@GordonRamsay's daughter is hilarious... 
https://t.co/0dqwntX5uj",Sat Mar 17 18:32:01 +0000 2018,69,0.0,0.0,1.0,0.0
@BBC,"üêú1‚É£2‚É£3‚É£Sir David Attenborough explores whether there is counting in the natural world. 

David Attenborough's Natur‚Ä¶ https://t.co/Q4H4uXR4pt",Sat Mar 17 18:03:04 +0000 2018,70,0.3612,0.143,0.857,0.0
@BBC,One of the writers for The Simpsons has told @BBCNewsbeat Stephen Hawking was such a big fan of the show - he'd sho‚Ä¶ https://t.co/Jjer3V4cYk,Sat Mar 17 17:30:07 +0000 2018,71,0.3182,0.099,0.901,0.0
@BBC,"üéìüìö 'The moment I gave Reese Witherspoon my Legally Blonde dissertation... and yes, it was scented.'
üëâ‚Ä¶ https://t.co/z8x5mqqKoW",Sat Mar 17 17:00:08 +0000 2018,72,0.4767,0.215,0.785,0.0
@BBC,RT @BBCWorld: Blossom in south-west China captured by drone https://t.co/gIDKUn1La6,Sat Mar 17 16:39:39 +0000 2018,73,0.0,0.0,1.0,0.0
@BBC,"This year, over 250 landmarks across the globe are going green for #StPatricksDay! üçÄ https://t.co/TlWqU0TXQT https://t.co/i4sW4OaGrQ",Sat Mar 17 15:03:12 +0000 2018,74,0.0,0.0,1.0,0.0
@BBC,"RT @BBCRadio3: ""Even if we found a complete theory of the universe, it wouldn't remove the need for music"" - #StephenHawking
https://t.co/t‚Ä¶",Sat Mar 17 14:43:43 +0000 2018,75,0.0,0.0,1.0,0.0
@BBC,‚õ∑‚ù§Ô∏è George has autism and other health conditions - but his love of skiing is helping him take on the outside world. https://t.co/kfCzRzkcNY,Sat Mar 17 14:00:30 +0000 2018,76,0.8625,0.301,0.699,0.0
@BBC,"RT @5liveSport: 'My mates didn't know I was playing @realmadrid'

@ManUtd's @carras16 tells @ColinMurray his friends keep him grounded‚Ä¶

'A‚Ä¶",Sat Mar 17 13:46:15 +0000 2018,77,0.3628,0.143,0.784,0.073
@BBC,"Yes, Gary Oldman and @BBCEastEnders' Big Mo are brother and sister. 

But do you know these other celeb family ties‚Ä¶ https://t.co/dtzMwD3nBB",Sat Mar 17 13:00:08 +0000 2018,78,0.4019,0.119,0.881,0.0
@BBC,"RT @BBCOne: .@NiallOfficial won't let fame get to his head - Ireland won't allow it. 

Happy #StPatricksDay üçÄ https://t.co/OrWR94HStF",Sat Mar 17 12:39:41 +0000 2018,79,-0.7244,0.0,0.664,0.336
@BBC,‚ôªÔ∏èüóë This shop encourages you to bring your own container from home to save on single-use plastic waste. https://t.co/TdHJSycKtO,Sat Mar 17 12:00:09 +0000 2018,80,0.5106,0.245,0.643,0.112
@BBC,üáÆüá™ üçÄ Celebrate #StPatricksDay in true Irish style with these delicious recipes! üëâhttps://t.co/2MCMlz6K0B https://t.co/k18P3Syx2N,Sat Mar 17 11:30:09 +0000 2018,81,0.8883,0.512,0.488,0.0
@BBC,From scrambled eggs to chilli-spiced crisps: here are six great ways to cook with kale. üòãüëâhttps://t.co/lqKD1h83Iv https://t.co/yWESBJm62q,Sat Mar 17 11:03:05 +0000 2018,82,0.6249,0.204,0.796,0.0
@BBC,RT @BBCTwo: Happy #StPatricksDay! Check out what's lurking beneath the calm waters of Ireland's west coast... üáÆüá™ü¶à https://t.co/6MQgyLTlIr,Sat Mar 17 10:14:25 +0000 2018,83,0.6996,0.276,0.658,0.066
@BBC,"üé∂üê¶ Did you know that bullfinches can learn to sing a tune by mimicking humans?

üîä Sound on for this one!  https://t.co/44OFulioZp",Sat Mar 17 10:00:02 +0000 2018,84,0.0,0.0,1.0,0.0
@BBC,"RT @BBCEngland: Stephen Hawking's PhD thesis has been viewed 250,000 times online since news of his death broke on Wednesday, the Universit‚Ä¶",Sat Mar 17 09:39:19 +0000 2018,85,-0.7717,0.0,0.749,0.251
@BBC,"Ready to get active?
üèÉ Here are 5 ways you can get involved in #SportRelief2018. 
üëâ https://t.co/wmKUWBDBjp https://t.co/xr7g5Hw4PK",Sat Mar 17 09:00:06 +0000 2018,86,0.6369,0.286,0.714,0.0
@BBC,"RT @BBCR1: This guy just raised over a million pounds for @sportrelief üôåüèª

Congratulations on completing a truly mammoth task @gregjames, w‚Ä¶",Fri Mar 16 19:38:34 +0000 2018,87,0.7783,0.274,0.726,0.0
@BBC,üí™üò≤‚öΩÔ∏è Keepy-uppy the good work! https://t.co/lFtKEBxjNJ,Fri Mar 16 18:31:01 +0000 2018,88,0.4926,0.39,0.61,0.0
@BBC,‚ù§Ô∏èüéß Bradley has never let Asperger's hold him back from doing what he loves. https://t.co/5JFvIXeDSZ,Fri Mar 16 17:00:25 +0000 2018,89,0.5719,0.209,0.791,0.0
@BBC,"Running for the door on a Friday afternoon like...
#FridayFeeling https://t.co/optoQcK1TV",Fri Mar 16 16:30:01 +0000 2018,90,0.0,0.0,1.0,0.0
@BBC,üîäüéµJarvis Cocker describes the dream-like experience of visiting La Monte Young's Dreamhouse.‚Ä¶ https://t.co/O9u7sPRL5m,Fri Mar 16 16:00:00 +0000 2018,91,0.0,0.0,1.0,0.0
@BBC,"RT @BBCR1: The gruelling task of climbing Ben Nevis in underway for @gregjames after cycling 180 miles in a day and a half!

Don't know abo‚Ä¶",Fri Mar 16 14:25:15 +0000 2018,92,0.0,0.0,1.0,0.0
@BBC,Prepare to get that warm fuzzy feeling - the man who photobombed his wife 11 years before he met her:‚Ä¶ https://t.co/iZBJ8dEKhz,Fri Mar 16 14:00:13 +0000 2018,93,0.34,0.159,0.841,0.0
@BBC,ü§îüé® Why are soap bubbles such gorgeous colours? https://t.co/ppaXTcvWRZ,Fri Mar 16 12:59:01 +0000 2018,94,0.6124,0.333,0.667,0.0
@BBC,"RT @BBCNewsPR: Get ready to make the headlines. 

Try out our new BBC iReporter game, putting you in the heart of the newsroom #BBCSchoolRe‚Ä¶",Fri Mar 16 12:38:40 +0000 2018,95,0.3612,0.098,0.902,0.0
@BBC,"üòÇ Fights, funerals, and giant furry heads... @BBCThree lifts the lid on the lives of English football's mascots
üëâ‚Ä¶ https://t.co/gEYxoetlah",Fri Mar 16 12:00:04 +0000 2018,96,-0.6486,0.0,0.762,0.238
@BBC,"RT @BBCRadio2: It's with a heavy heart that today we announce, after 18 fantastic years, @realLynnBowles is leaving Radio 2. üò¢

@realkenbru‚Ä¶",Fri Mar 16 10:45:24 +0000 2018,97,0.5574,0.159,0.841,0.0
@BBC,Are you getting enough sleep? This simple test will tell you... ü•Ñüò¥#WorldSleepDay https://t.co/SP28dsdLSf,Fri Mar 16 10:02:00 +0000 2018,98,0.0,0.0,1.0,0.0
@BBC,"RT @bbcthree: the dancing in taylor swift's new video seems pretty familiar 

CC @ChrisLilley https://t.co/MfA9usnqSb",Fri Mar 16 09:35:56 +0000 2018,99,0.4939,0.186,0.814,0.0
@BBC,"RT @BBCEngland: Oscar-winning British short film The Silent Child is to be shown on BBC One on Good Friday, giving UK viewers the first cha‚Ä¶",Fri Mar 16 09:35:50 +0000 2018,100,0.6486,0.187,0.813,0.0
@CBS,"RT @YandR_CBS: Forever evolving, Forever inspiring, Forever Young and Restless. ‚ù§Ô∏è Get ready to celebrate 45 years of #YR starting in just‚Ä¶",Mon Mar 19 21:02:26 +0000 2018,1,0.7845,0.309,0.619,0.072
@CBS,New start times in East/Central Time Zones: #60Minutes 7:37ET/6:37CT #Instinct series premiere 8:37ET/7:37CT‚Ä¶ https://t.co/xT3YKqmu2M,Sun Mar 18 23:44:30 +0000 2018,2,0.0,0.0,1.0,0.0
@CBS,Spend your Sunday streaming Second Round games LIVE with a FREE trial of CBS All Access! https://t.co/3P85rXLy4b https://t.co/zbWfirD9Ju,Sun Mar 18 18:05:43 +0000 2018,3,0.6514,0.213,0.787,0.0
@CBS,"RT @instinctcbs: TONIGHT, Dr. Dylan Reinhart rewrites the book on abnormal behavior. Don't miss the premiere of #Instinct at 8/7c! https://‚Ä¶",Sun Mar 18 17:09:53 +0000 2018,4,0.1867,0.08,0.92,0.0
@CBS,"If any duo knows how to rock the stage, it's @FLAGALine. The Vocal Duo Of The Year nominee will perform live at the‚Ä¶ https://t.co/FknabB8NQp",Sat Mar 17 19:00:02 +0000 2018,5,0.0,0.0,1.0,0.0
@CBS,How is your bracket looking after last night? Stream Second Round games LIVE today with a FREE trial of CBS All Acc‚Ä¶ https://t.co/25JlIpgwog,Sat Mar 17 17:42:43 +0000 2018,6,0.6166,0.161,0.839,0.0
@CBS,Where better to spend #StPatricksDay than the place everybody knows your name? It‚Äôs just your luck that every singl‚Ä¶ https://t.co/Fom5wmdENL,Sat Mar 17 14:00:03 +0000 2018,7,0.7096,0.247,0.753,0.0
@CBS,Stars @JakeMcDorman and Nik Dodani will join the cast in the upcoming revival of Murphy Brown coming to CBS.‚Ä¶ https://t.co/JCAx29lo0i,Fri Mar 16 22:53:21 +0000 2018,8,0.296,0.104,0.896,0.0
@CBS,"RT @thegoodfight: Go behind the scenes with costume designer @DanLawsonStyle in ""Behind The Style,"" a new weekly video series all about the‚Ä¶",Fri Mar 16 18:15:53 +0000 2018,9,0.0,0.0,1.0,0.0
@CBS,The games have just begun! Continue to stream First Round games LIVE today with a FREE trial of CBS All Access:‚Ä¶ https://t.co/YTGsJ48zYP,Fri Mar 16 16:28:40 +0000 2018,10,0.6514,0.178,0.822,0.0
@CBS,"RT @TheTalkCBS: You asked, we answered! The fun never ends when the ladies #KeepTalking and answer your fan questions üó£üí¨‚û°Ô∏è https://t.co/ie1‚Ä¶",Thu Mar 15 17:54:06 +0000 2018,11,0.7088,0.237,0.763,0.0
@CBS,RT @instinctcbs: Dr. Dylan Reinhart is lured back into the field from his life of quiet academia when a certain serial killer makes things‚Ä¶,Thu Mar 15 17:20:26 +0000 2018,12,-0.4939,0.077,0.766,0.157
@CBS,Stream First Round games LIVE today starting at 12PM ET with a FREE trial of CBS All Access! https://t.co/3P85rXLy4b https://t.co/vZow3YD8cb,Thu Mar 15 16:42:41 +0000 2018,13,0.6514,0.194,0.806,0.0
@CBS,RT @CBSSports: It's the most wonderful time of the year. #MarchMadness https://t.co/e4c9qohqSR,Thu Mar 15 14:32:16 +0000 2018,14,0.6115,0.266,0.734,0.0
@CBS,"Give these ladies some love! @Lauren_Alaina, @DBradbery, @carlypearce, and @RaeLynn are nominated for New Female Vo‚Ä¶ https://t.co/IVhwURfJ3S",Wed Mar 14 19:30:01 +0000 2018,15,0.6696,0.219,0.781,0.0
@CBS,"RT @ManWithAPlan: Hungry for more #ManWithAPlan bloopers and behind-the-scenes videos featuring cast like @matt_leblanc, @thelizasnyder, @k‚Ä¶",Tue Mar 13 18:48:52 +0000 2018,16,0.3612,0.143,0.857,0.0
@CBS,"Music stars @MileyCyrus, @edsheeran, @ladygaga, and more will honor the legendary @eltonofficial and his hit songs‚Ä¶ https://t.co/UzxARCCLnI",Tue Mar 13 14:15:10 +0000 2018,17,0.539,0.179,0.821,0.0
@CBS,RT @thegoodfight: The verdict is in. The new season of #TheGoodFight is üî•üî•üî•! Stream it now on CBS All Access: https://t.co/FkYSNSXlRb https‚Ä¶,Mon Mar 12 18:13:28 +0000 2018,18,0.2244,0.083,0.917,0.0
@CBS,"RT @MadamSecretary: In less than an hour, #MadamSecretary's Keith Carradine will be taking over the @MadamSecretary Twitter page! Tweet alo‚Ä¶",Mon Mar 12 01:20:43 +0000 2018,19,0.0,0.0,1.0,0.0
@CBS,RT @DierksBentley: Take and post a photo of the woman in your life who inspires you daily! Use the hashtag #WomanAmenACM in your post for a‚Ä¶,Fri Mar 09 22:48:26 +0000 2018,20,0.4926,0.117,0.883,0.0
@CBS,"RT @YandR_CBS: Forever evolving, Forever inspiring, Forever Young and Restless. ‚ù§Ô∏è Get ready to celebrate 45 years of #YR starting in just‚Ä¶",Mon Mar 19 21:02:26 +0000 2018,21,0.7845,0.309,0.619,0.072
@CBS,New start times in East/Central Time Zones: #60Minutes 7:37ET/6:37CT #Instinct series premiere 8:37ET/7:37CT‚Ä¶ https://t.co/xT3YKqmu2M,Sun Mar 18 23:44:30 +0000 2018,22,0.0,0.0,1.0,0.0
@CBS,Spend your Sunday streaming Second Round games LIVE with a FREE trial of CBS All Access! https://t.co/3P85rXLy4b https://t.co/zbWfirD9Ju,Sun Mar 18 18:05:43 +0000 2018,23,0.6514,0.213,0.787,0.0
@CBS,"RT @instinctcbs: TONIGHT, Dr. Dylan Reinhart rewrites the book on abnormal behavior. Don't miss the premiere of #Instinct at 8/7c! https://‚Ä¶",Sun Mar 18 17:09:53 +0000 2018,24,0.1867,0.08,0.92,0.0
@CBS,"If any duo knows how to rock the stage, it's @FLAGALine. The Vocal Duo Of The Year nominee will perform live at the‚Ä¶ https://t.co/FknabB8NQp",Sat Mar 17 19:00:02 +0000 2018,25,0.0,0.0,1.0,0.0
@CBS,How is your bracket looking after last night? Stream Second Round games LIVE today with a FREE trial of CBS All Acc‚Ä¶ https://t.co/25JlIpgwog,Sat Mar 17 17:42:43 +0000 2018,26,0.6166,0.161,0.839,0.0
@CBS,Where better to spend #StPatricksDay than the place everybody knows your name? It‚Äôs just your luck that every singl‚Ä¶ https://t.co/Fom5wmdENL,Sat Mar 17 14:00:03 +0000 2018,27,0.7096,0.247,0.753,0.0
@CBS,Stars @JakeMcDorman and Nik Dodani will join the cast in the upcoming revival of Murphy Brown coming to CBS.‚Ä¶ https://t.co/JCAx29lo0i,Fri Mar 16 22:53:21 +0000 2018,28,0.296,0.104,0.896,0.0
@CBS,"RT @thegoodfight: Go behind the scenes with costume designer @DanLawsonStyle in ""Behind The Style,"" a new weekly video series all about the‚Ä¶",Fri Mar 16 18:15:53 +0000 2018,29,0.0,0.0,1.0,0.0
@CBS,The games have just begun! Continue to stream First Round games LIVE today with a FREE trial of CBS All Access:‚Ä¶ https://t.co/YTGsJ48zYP,Fri Mar 16 16:28:40 +0000 2018,30,0.6514,0.178,0.822,0.0
@CBS,"RT @TheTalkCBS: You asked, we answered! The fun never ends when the ladies #KeepTalking and answer your fan questions üó£üí¨‚û°Ô∏è https://t.co/ie1‚Ä¶",Thu Mar 15 17:54:06 +0000 2018,31,0.7088,0.237,0.763,0.0
@CBS,RT @instinctcbs: Dr. Dylan Reinhart is lured back into the field from his life of quiet academia when a certain serial killer makes things‚Ä¶,Thu Mar 15 17:20:26 +0000 2018,32,-0.4939,0.077,0.766,0.157
@CBS,Stream First Round games LIVE today starting at 12PM ET with a FREE trial of CBS All Access! https://t.co/3P85rXLy4b https://t.co/vZow3YD8cb,Thu Mar 15 16:42:41 +0000 2018,33,0.6514,0.194,0.806,0.0
@CBS,RT @CBSSports: It's the most wonderful time of the year. #MarchMadness https://t.co/e4c9qohqSR,Thu Mar 15 14:32:16 +0000 2018,34,0.6115,0.266,0.734,0.0
@CBS,"Give these ladies some love! @Lauren_Alaina, @DBradbery, @carlypearce, and @RaeLynn are nominated for New Female Vo‚Ä¶ https://t.co/IVhwURfJ3S",Wed Mar 14 19:30:01 +0000 2018,35,0.6696,0.219,0.781,0.0
@CBS,"RT @ManWithAPlan: Hungry for more #ManWithAPlan bloopers and behind-the-scenes videos featuring cast like @matt_leblanc, @thelizasnyder, @k‚Ä¶",Tue Mar 13 18:48:52 +0000 2018,36,0.3612,0.143,0.857,0.0
@CBS,"Music stars @MileyCyrus, @edsheeran, @ladygaga, and more will honor the legendary @eltonofficial and his hit songs‚Ä¶ https://t.co/UzxARCCLnI",Tue Mar 13 14:15:10 +0000 2018,37,0.539,0.179,0.821,0.0
@CBS,RT @thegoodfight: The verdict is in. The new season of #TheGoodFight is üî•üî•üî•! Stream it now on CBS All Access: https://t.co/FkYSNSXlRb https‚Ä¶,Mon Mar 12 18:13:28 +0000 2018,38,0.2244,0.083,0.917,0.0
@CBS,"RT @MadamSecretary: In less than an hour, #MadamSecretary's Keith Carradine will be taking over the @MadamSecretary Twitter page! Tweet alo‚Ä¶",Mon Mar 12 01:20:43 +0000 2018,39,0.0,0.0,1.0,0.0
@CBS,RT @DierksBentley: Take and post a photo of the woman in your life who inspires you daily! Use the hashtag #WomanAmenACM in your post for a‚Ä¶,Fri Mar 09 22:48:26 +0000 2018,40,0.4926,0.117,0.883,0.0
@CBS,"RT @MomCBS: If you missed guest star @KChenoweth in the latest episode of #Mom, not to worry! Watch now: https://t.co/RlvXoGOZ0l https://t.‚Ä¶",Fri Mar 09 22:24:20 +0000 2018,41,0.1275,0.113,0.795,0.092
@CBS,"Give a round of applause to @KelseaBallerini, @MirandaLambert, @Reba, @MarenMorris, and @CarrieUnderwood, the five‚Ä¶ https://t.co/Ncp1BTXx6N",Fri Mar 09 21:10:21 +0000 2018,42,0.4215,0.177,0.823,0.0
@CBS,"RT @thegoodfight: Smart, sexy, and sophisticated. See what's coming this season on #TheGoodFight. https://t.co/CuKhx2G50P https://t.co/ygTI‚Ä¶",Fri Mar 09 18:27:28 +0000 2018,43,0.8658,0.447,0.553,0.0
@CBS,RT @BlueBloods_CBS: Even stand-up guys fall down sometimes. #BlueBloods is new tonight at 10/9c! https://t.co/UOlDm22wWW,Fri Mar 09 16:02:27 +0000 2018,44,0.0,0.0,1.0,0.0
@CBS,Today and every day we celebrate the women in our lives who empower and inspire us. Share a story about an¬†influent‚Ä¶ https://t.co/9rVtqrElvT,Thu Mar 08 18:00:49 +0000 2018,45,0.8625,0.336,0.664,0.0
@CBS,Take and post a photo of the woman in your life who inspires you daily! Use the hashtag #WomanAmenACM in your post‚Ä¶ https://t.co/7ShhvE48zy,Thu Mar 08 17:03:04 +0000 2018,46,0.4926,0.132,0.868,0.0
@CBS,"RT @thegoodfight: Meticulously constructed. Soapy &amp; sexy. Intoxicating, savage television. üî• Here's what critics are saying about #TheGoodF‚Ä¶",Wed Mar 07 18:39:10 +0000 2018,47,-0.2023,0.15,0.619,0.23
@CBS,"This just in! @Jason_Aldean, @mirandalambert, @LukeBryanOnline, and many more are set to perform at the 53rd Academ‚Ä¶ https://t.co/mfxw2VxzU4",Wed Mar 07 17:06:02 +0000 2018,48,0.0,0.0,1.0,0.0
@CBS,"Meet the ensemble of talented actors slated to join $1, a new mystery series coming to CBS All Access:‚Ä¶ https://t.co/QoyYv7vxwg",Tue Mar 06 18:10:59 +0000 2018,49,0.6705,0.244,0.756,0.0
@CBS,"Will @Jason_Aldean, @garthbrooks, @LukeBryanOnline, @ChrisStapleton, or @KeithUrban be named Entertainer Of The Yea‚Ä¶ https://t.co/rMD8zjeX3s",Mon Mar 05 22:16:43 +0000 2018,50,0.3818,0.167,0.833,0.0
@CBS,"RT @thegoodfight: It feels good to be back. üë†üíÑüî• The season 2 premiere of #TheGoodFight is now streaming, exclusively on CBS All Access: htt‚Ä¶",Sun Mar 04 08:05:26 +0000 2018,51,0.4404,0.116,0.884,0.0
@CBS,"RT @thegoodfight: Tomorrow, #TheGoodFight is back. Stream the season 2 premiere only on CBS All Access: https://t.co/tNFR8LBJO2 https://t.c‚Ä¶",Sat Mar 03 20:55:20 +0000 2018,52,0.0,0.0,1.0,0.0
@CBS,"Who are the trailblazing women in your life that inspire you? Join CBS and the ANA's #SeeHer initiative, celebratin‚Ä¶ https://t.co/M0KqZ41Bes",Fri Mar 02 22:30:01 +0000 2018,53,0.7096,0.247,0.753,0.0
@CBS,"Join @maria_bello, @aishatyler and @TeaLeoni in celebrating the accomplishments of women who have contributed to th‚Ä¶ https://t.co/MefESBeFL3",Fri Mar 02 20:30:01 +0000 2018,54,0.7096,0.282,0.718,0.0
@CBS,"In honor of Women's History Month, CBS and the Association of National Advertisers' (ANA) #SeeHer initiative will p‚Ä¶ https://t.co/2wtYxKJVuO",Fri Mar 02 18:45:00 +0000 2018,55,0.4939,0.151,0.849,0.0
@CBS,RT @ZoeListerJones: Tonight‚Äôs an all new Life In Pieces and it‚Äôs directed by my ride or die @nataliaanderson!!!‚Ä¶ https://t.co/2LPfmyLWrY,Thu Mar 01 18:59:01 +0000 2018,56,-0.6981,0.0,0.79,0.21
@CBS,"RT @MarenMorris: Hot damn! Woke up from my post-wisdom teeth haze to find out I‚Äôm up for 4 @ACMawards ! So honored, especially for the Dear‚Ä¶",Thu Mar 01 18:12:57 +0000 2018,57,0.4547,0.159,0.749,0.092
@CBS,RT @KelseaBallerini: Ohhhhh goodness. Incredible. Thank you thank you thank you. #female https://t.co/1ZTYjNfQeF,Thu Mar 01 18:11:50 +0000 2018,58,0.8591,0.538,0.462,0.0
@CBS,RT @KeithUrban: ACMs...... HOLY SMOKES!!!!! MAD LOVE TO U ALL THIS MORNING  FOR THESE INCREDIBLE NOMINATIONS. I‚ÄôM EXTREMELY GRATEFUL!!!!!!!‚Ä¶,Thu Mar 01 18:10:50 +0000 2018,59,0.4885,0.234,0.615,0.151
@CBS,"RT @ACMawards: Congratulations to this year‚Äôs #ACMawards Video of the Year nominees:
‚ÄúBlack‚Äù - @DierksBentley
‚ÄúIt Ain‚Äôt My Fault‚Äù - @Brothe‚Ä¶",Thu Mar 01 14:36:21 +0000 2018,60,0.5994,0.178,0.822,0.0
@CBS,"RT @ACMawards: Please give a round of applause to this year‚Äôs #ACMawards Entertainer of the Year nominees: @Jason_Aldean, @GarthBrooks, @Lu‚Ä¶",Thu Mar 01 14:29:20 +0000 2018,61,0.7717,0.325,0.675,0.0
@CBS,".@ChrisStapleton, @ThomasRhett, @mirandalambert and more are all nominated for awards at Country Music's Party of t‚Ä¶ https://t.co/Vm1vXRUDYJ",Thu Mar 01 14:15:29 +0000 2018,62,0.6908,0.275,0.725,0.0
@CBS,"The Queen of Country, @Reba, is returning to host the 53rd #ACMawards on Sunday, April 15 at 8/7c. Here are a few o‚Ä¶ https://t.co/Iqzz6Gql01",Thu Mar 01 13:50:11 +0000 2018,63,0.0,0.0,1.0,0.0
@CBS,RT @survivorcbs: It‚Äôs time! #Survivor https://t.co/YPk6cGWrUA,Thu Mar 01 01:04:52 +0000 2018,64,0.0,0.0,1.0,0.0
@CBS,"RT @CBSThisMorning: TOMORROW: The nominees for the 2018 @ACMawards will be announced live by the one-and-only, @Reba! 

Watch on @CBS in ou‚Ä¶",Wed Feb 28 19:56:58 +0000 2018,65,0.0,0.0,1.0,0.0
@CBS,"RT @thegoodfight: From the set design and costumes to hair and makeup, the production quality is truly next-level. Take a peek inside the u‚Ä¶",Wed Feb 28 19:08:30 +0000 2018,66,0.4404,0.116,0.884,0.0
@CBS,RT @LivinBiblically: The fun continues on Facebook! The #LivingBiblically cast is live to talk about tonight‚Äôs premiere. Tune in here: http‚Ä¶,Tue Feb 27 03:23:47 +0000 2018,67,0.5562,0.152,0.848,0.0
@CBS,"RT @KevinCanWaitCBS: Can you get all the way through these #KevinCanWait bloopers without laughing?! @KevinJames,@LeahRemini and the rest o‚Ä¶",Mon Feb 26 22:50:32 +0000 2018,68,0.0,0.0,1.0,0.0
@CBS,"RT @ACMawards: That‚Äôs right! @Reba is headed to @CBSThisMorning on Thursday, March 1 to announce this year‚Äôs #ACMAwards' nominees. Tune in‚Ä¶",Mon Feb 26 21:08:30 +0000 2018,69,0.0,0.0,1.0,0.0
@CBS,"RT @ScorpionCBS: You can't hack your way to a 197 IQ, but you are well on your way with these Genius Facts from #TeamScorpion! üíª You can be‚Ä¶",Mon Feb 26 19:53:41 +0000 2018,70,0.4482,0.105,0.895,0.0
@CBS,RT @SuperiorDonuts: You can always count on @DavidKoechner for a laugh! Did your favorite Tush moment make the list? Catch a new #SuperiorD‚Ä¶,Mon Feb 26 18:32:36 +0000 2018,71,0.784,0.266,0.734,0.0
@CBS,RT @TheTalkCBS: TODAY: We loved them together then &amp; we love seeing them together now! Welcome back to the show @THESaraGilbert‚Äã's good fri‚Ä¶,Mon Feb 26 18:20:16 +0000 2018,72,0.9359,0.429,0.571,0.0
@CBS,"RT @thegoodfight: As foundations begin to crumble, our characters struggle to make sense of this new dystopian world. The cast teases what'‚Ä¶",Mon Feb 26 16:53:56 +0000 2018,73,-0.5423,0.0,0.816,0.184
@CBS,"#LivingBiblically's @linzkraft and @jrfergjr appeared on @KCBS's Facebook Live this morning, talking all about what‚Ä¶ https://t.co/4RebcHuuMQ",Mon Feb 26 16:52:01 +0000 2018,74,0.0,0.0,1.0,0.0
@CBS,"RT @CBSSports: Introducing CBS Sports HQ, a New 24/7 Direct-to-Consumer Streaming Network for Sports News, Highlights, &amp; Analysis.

Stream‚Ä¶",Mon Feb 26 16:17:55 +0000 2018,75,0.0,0.0,1.0,0.0
@CBS,"RT @CBSBigBrother: It‚Äôs down to the final 5 celebrity Houseguests, and anyone could take home the grand prize! Tune in NOW to watch the #BB‚Ä¶",Mon Feb 26 01:12:32 +0000 2018,76,0.7644,0.231,0.769,0.0
@CBS,RT @startrekcbs: Binge the entire first season of #StarTrekDiscovery. All episodes now streaming exclusively on CBS All Access: https://t.c‚Ä¶,Sun Feb 25 21:51:32 +0000 2018,77,0.0,0.0,1.0,0.0
@CBS,"RT @thegoodfight: #TheGoodFight returns in 1 week. Season 2 premieres Sunday, March 4. https://t.co/nomCao1GWp https://t.co/BOn6bOe9Tb",Sun Feb 25 21:51:22 +0000 2018,78,0.0,0.0,1.0,0.0
@CBS,RT @thegoodfight: This is our new favorite thing. Christine Baranski debuted #TheGoodFight the Musical on @colbertlateshow last night! üéµüé§‚Ä¶,Fri Feb 23 18:15:40 +0000 2018,79,0.5093,0.155,0.845,0.0
@CBS,"RT @LivinBiblically: Confession time: have YOU ever hit the ""close door"" button in an elevator while somebody was approaching? The cast of‚Ä¶",Thu Feb 22 19:26:52 +0000 2018,80,0.0,0.0,1.0,0.0
@CBS,RT @CBSEyeSpeak: Mark your calendars! #CBSEyeSpeak kicks off March 14 with The EYE Speak Summit. Follow our page for more details! https://‚Ä¶,Wed Feb 21 19:20:04 +0000 2018,81,0.0,0.0,1.0,0.0
@CBS,"RT @CBSEyeSpeak: Proud to announce a new CBS initiative, promoting female empowerment and developing the next generation of leaders through‚Ä¶",Wed Feb 21 18:19:25 +0000 2018,82,0.6808,0.248,0.752,0.0
@CBS,"RT @LivinBiblically: When you're living by the Bible, it's good to have a priest and a rabbi on call (provided they answer their phones, th‚Ä¶",Tue Feb 20 19:55:19 +0000 2018,83,0.4404,0.116,0.884,0.0
@CBS,"RT @thegoodfight: Chicago lawyers are being hunted and the world is going insane. 

The new season of #TheGoodFight premieres Sunday, March‚Ä¶",Tue Feb 20 17:58:18 +0000 2018,84,-0.4019,0.0,0.881,0.119
@CBS,Ready for some larger than life competition? This new series from @MarkBurnettTV will premiere in summer 2018.‚Ä¶ https://t.co/gDXHLdIJ5v,Tue Feb 20 17:39:51 +0000 2018,85,0.3612,0.128,0.872,0.0
@CBS,"With tournament dreams on the line, make sure to stream these college basketball matchups on CBS All Access:‚Ä¶ https://t.co/SGkYUZrQWB",Sat Feb 17 01:07:20 +0000 2018,86,0.6124,0.227,0.773,0.0
@CBS,"RT @LivinBiblically: While Chip's sticking to the Bible's original rules, the cast of #LivingBiblically has given them a more modern makeov‚Ä¶",Fri Feb 16 18:42:43 +0000 2018,87,0.3182,0.108,0.892,0.0
@CBS,"Casting News! Peter Mark Kendall, Michael Gaston, Greg Wise, Rade ≈†erbed≈æija, Zack Pearlman, and Keye Chen join the‚Ä¶ https://t.co/GFob2KrD8H",Fri Feb 16 17:48:20 +0000 2018,88,0.68,0.248,0.752,0.0
@CBS,RT @BullCBS: The verdict is in...#Bull is the perfect Valentine! ‚ù§Ô∏è Happy #ValentinesDay! https://t.co/poEejI4AnC,Wed Feb 14 19:23:27 +0000 2018,89,0.8619,0.466,0.534,0.0
@CBS,"RT @NoActivityCBS: Car 27 reporting: Season 2 of #NoActivity coming soon!

Binge season one now on CBS All Access: https://t.co/yvxoQMeyhN‚Ä¶",Tue Feb 13 20:03:56 +0000 2018,90,0.0,0.0,1.0,0.0
@CBS,"RT @LivinBiblically: Against all odds (and the advice of his God Squad), Chip is determined to live life by the Good Book. Think you could‚Ä¶",Tue Feb 13 18:54:52 +0000 2018,91,0.7506,0.252,0.748,0.0
@CBS,RT @thegoodfight: Christine Baranski reflects upon the spectacular metamorphosis of her character in #TheGoodFight's first season. Revisit‚Ä¶,Mon Feb 12 18:49:45 +0000 2018,92,0.0,0.0,1.0,0.0
@CBS,RT @startrekcbs: Binge the entire first season of #StarTrekDiscovery. All 15 episodes now streaming on CBS All Access: https://t.co/lKLaptP‚Ä¶,Mon Feb 12 01:32:33 +0000 2018,93,0.0,0.0,1.0,0.0
@CBS,RT @SuperiorDonuts: Looking for a #Valentine? Tush is here to help you land your dream date just in time for the day of love! #SuperiorDonu‚Ä¶,Fri Feb 09 00:50:01 +0000 2018,94,0.8478,0.304,0.696,0.0
@CBS,RT @CBSBigBrother: The pressure is on as the Houseguests battle each other for victory in the first HOH competition. Stream the season prem‚Ä¶,Thu Feb 08 16:09:35 +0000 2018,95,-0.5859,0.0,0.814,0.186
@CBS,"RT @startrekcbs: Sunday, this season's epic journey reaches its final reckoning. Catch up before the season finale: https://t.co/4Ea5wpmAep‚Ä¶",Wed Feb 07 18:35:19 +0000 2018,96,0.0516,0.066,0.934,0.0
@CBS,"Are you a sucker for jaw-dropping talent competitions? Announcing The World's Best, a first-of-its-kind new global‚Ä¶ https://t.co/fagCMklm2Z",Wed Feb 07 16:17:48 +0000 2018,97,0.5574,0.312,0.536,0.152
@CBS,"RT @BullCBS: Tonight, one of these 3 TAC employees will end up incarcerated. Who do you think it will be? Tune into a new episode of #Bull‚Ä¶",Tue Feb 06 22:21:39 +0000 2018,98,0.0,0.0,1.0,0.0
@CBS,"RT @thegoodfight: There's no season like lawyer season. #TheGoodFight returns March 4, exclusively on CBS All Access. https://t.co/XAlrg1nB‚Ä¶",Tue Feb 06 17:05:49 +0000 2018,99,0.0772,0.121,0.773,0.106
@CBS,"RT @thegoodfight: The acclaimed series returns in 1 month. #TheGoodFight is back Sunday, March 4. https://t.co/5BNLTYRd8p https://t.co/yInP‚Ä¶",Sun Feb 04 15:35:36 +0000 2018,100,0.0,0.0,1.0,0.0
@CNN,Mississippi Gov. Phil Bryant has signed into law a bill that prevents women from getting abortions after 15 weeks o‚Ä¶ https://t.co/VILPjdWHhz,Tue Mar 20 03:31:02 +0000 2018,1,0.0772,0.064,0.936,0.0
@CNN,"Susan Pompeo, wife of CIA chief Mike Pompeo, has taken on an unusually active role for a CIA spouse in agency affai‚Ä¶ https://t.co/kCo2Mh2rkR",Tue Mar 20 03:16:07 +0000 2018,2,0.4576,0.125,0.875,0.0
@CNN,Wylie discusses Cambridge Analytica's possible connections to Russia: ‚ÄúI am concerned we made Russia aware of the p‚Ä¶ https://t.co/zJnKlQkUQJ,Tue Mar 20 03:09:18 +0000 2018,3,0.0,0.0,1.0,0.0
@CNN,"How a designer got his scarf into ""Black Panther"" https://t.co/vIjG20TbWu https://t.co/GDD5ibMslm",Tue Mar 20 03:01:06 +0000 2018,4,0.0,0.0,1.0,0.0
@CNN,‚ÄúFacebook‚Äôs only doing something now because I am coming out and speaking out.‚Äù Wylie says he is frustrated with th‚Ä¶ https://t.co/w9a7vSaOAc,Tue Mar 20 02:56:57 +0000 2018,5,-0.5267,0.0,0.848,0.152
@CNN,"Wylie says Cambridge Analytica had tested Trump campaign slogans since 2014: ""I was surprised when I saw the Trump‚Ä¶ https://t.co/a8PZRMDTnx",Tue Mar 20 02:46:53 +0000 2018,6,0.2263,0.095,0.905,0.0
@CNN,Why Mark Zuckerberg needs to testify before Congress | By Kara Alaimo via @CNNOpinion https://t.co/xdgtqjnNK6 https://t.co/QGVEi85ce1,Tue Mar 20 02:46:06 +0000 2018,7,0.0,0.0,1.0,0.0
@CNN,Former Cambridge Analytica contractor Christopher Wylie tells CNN‚Äôs @donlemon that he helped build a ‚Äúpsychological‚Ä¶ https://t.co/uzQAgripRy,Tue Mar 20 02:34:49 +0000 2018,8,0.0,0.0,1.0,0.0
@CNN,"A 19-year-old US student who went missing over the weekend has been found dead in Bermuda, authorities there say‚Ä¶ https://t.co/ZBGYwmmQQt",Tue Mar 20 02:31:05 +0000 2018,9,-0.7579,0.0,0.723,0.277
@CNN,Delta Airlines misrouted an Idaho man's 8-week-old puppy on a cross-country trip -- landing in Las Vegas and Salt L‚Ä¶ https://t.co/4xzHQ2OpOQ,Tue Mar 20 02:25:44 +0000 2018,10,0.0,0.0,1.0,0.0
@CNN,"As President Trump's reaction to special counsel Robert Mueller grows more irate by the day, attorneys on both side‚Ä¶ https://t.co/PAGvAKksV2",Tue Mar 20 02:16:04 +0000 2018,11,-0.3597,0.108,0.723,0.168
@CNN,The US announces the start date for its annual military exercises with South Korea as President Trump readies for a‚Ä¶ https://t.co/3fNnGF2WTM,Tue Mar 20 02:06:05 +0000 2018,12,0.0,0.0,1.0,0.0
@CNN,"A Marjory Stoneman Douglas graduate is making a sculpture to honor the school shooting victims. The names of the ""1‚Ä¶ https://t.co/OGSqWoxYD0",Tue Mar 20 02:01:04 +0000 2018,13,0.2263,0.142,0.756,0.102
@CNN,"RT @AC360: Republican Rep. Matt Gaetz says Attorney General Jeff Sessions would be ""right to renounce his recusal, to re-establish command‚Ä¶",Tue Mar 20 01:58:57 +0000 2018,14,0.0,0.0,1.0,0.0
@CNN,"Facebook's value plunges $37 billion on news that data firm Cambridge Analytica, which had ties to Trump's campaign‚Ä¶ https://t.co/VTPrmyYTEc",Tue Mar 20 01:56:02 +0000 2018,15,0.34,0.118,0.882,0.0
@CNN,"It's official: ""Sex and the City"" star Cynthia Nixon has announced that she is throwing her hat in the New York gub‚Ä¶ https://t.co/Dy0HfIgbQI",Tue Mar 20 01:51:06 +0000 2018,16,0.0,0.0,1.0,0.0
@CNN,RT @AC360: Anderson Cooper: President Trump's recent actions aimed at undermining the institutions that he believes threaten him is a patte‚Ä¶,Tue Mar 20 01:50:33 +0000 2018,17,-0.6249,0.0,0.779,0.221
@CNN,"Alex Stamos, Facebook's chief security officer, says he's still ""fully engaged"" in his work at Facebook following r‚Ä¶ https://t.co/ArNf1dJY7L",Tue Mar 20 01:46:05 +0000 2018,18,0.659,0.241,0.759,0.0
@CNN,"RT @OutFrontCNN: Comedian John Oliver, Vice President Mike Pence, a pair of bunny books, and one ""hopping mad"" publisher. This is the tale‚Ä¶",Tue Mar 20 01:45:46 +0000 2018,19,-0.1531,0.101,0.775,0.124
@CNN,The NTSB wants the FAA to ban commercial flights' use of harness systems that don't allow for easy release during e‚Ä¶ https://t.co/W2wiBEX3Vd,Tue Mar 20 01:41:06 +0000 2018,20,-0.7699,0.0,0.712,0.288
@CNN,Mississippi Gov. Phil Bryant has signed into law a bill that prevents women from getting abortions after 15 weeks o‚Ä¶ https://t.co/VILPjdWHhz,Tue Mar 20 03:31:02 +0000 2018,21,0.0772,0.064,0.936,0.0
@CNN,"Susan Pompeo, wife of CIA chief Mike Pompeo, has taken on an unusually active role for a CIA spouse in agency affai‚Ä¶ https://t.co/kCo2Mh2rkR",Tue Mar 20 03:16:07 +0000 2018,22,0.4576,0.125,0.875,0.0
@CNN,Wylie discusses Cambridge Analytica's possible connections to Russia: ‚ÄúI am concerned we made Russia aware of the p‚Ä¶ https://t.co/zJnKlQkUQJ,Tue Mar 20 03:09:18 +0000 2018,23,0.0,0.0,1.0,0.0
@CNN,"How a designer got his scarf into ""Black Panther"" https://t.co/vIjG20TbWu https://t.co/GDD5ibMslm",Tue Mar 20 03:01:06 +0000 2018,24,0.0,0.0,1.0,0.0
@CNN,‚ÄúFacebook‚Äôs only doing something now because I am coming out and speaking out.‚Äù Wylie says he is frustrated with th‚Ä¶ https://t.co/w9a7vSaOAc,Tue Mar 20 02:56:57 +0000 2018,25,-0.5267,0.0,0.848,0.152
@CNN,"Wylie says Cambridge Analytica had tested Trump campaign slogans since 2014: ""I was surprised when I saw the Trump‚Ä¶ https://t.co/a8PZRMDTnx",Tue Mar 20 02:46:53 +0000 2018,26,0.2263,0.095,0.905,0.0
@CNN,Why Mark Zuckerberg needs to testify before Congress | By Kara Alaimo via @CNNOpinion https://t.co/xdgtqjnNK6 https://t.co/QGVEi85ce1,Tue Mar 20 02:46:06 +0000 2018,27,0.0,0.0,1.0,0.0
@CNN,Former Cambridge Analytica contractor Christopher Wylie tells CNN‚Äôs @donlemon that he helped build a ‚Äúpsychological‚Ä¶ https://t.co/uzQAgripRy,Tue Mar 20 02:34:49 +0000 2018,28,0.0,0.0,1.0,0.0
@CNN,"A 19-year-old US student who went missing over the weekend has been found dead in Bermuda, authorities there say‚Ä¶ https://t.co/ZBGYwmmQQt",Tue Mar 20 02:31:05 +0000 2018,29,-0.7579,0.0,0.723,0.277
@CNN,Delta Airlines misrouted an Idaho man's 8-week-old puppy on a cross-country trip -- landing in Las Vegas and Salt L‚Ä¶ https://t.co/4xzHQ2OpOQ,Tue Mar 20 02:25:44 +0000 2018,30,0.0,0.0,1.0,0.0
@CNN,"As President Trump's reaction to special counsel Robert Mueller grows more irate by the day, attorneys on both side‚Ä¶ https://t.co/PAGvAKksV2",Tue Mar 20 02:16:04 +0000 2018,31,-0.3597,0.108,0.723,0.168
@CNN,The US announces the start date for its annual military exercises with South Korea as President Trump readies for a‚Ä¶ https://t.co/3fNnGF2WTM,Tue Mar 20 02:06:05 +0000 2018,32,0.0,0.0,1.0,0.0
@CNN,"A Marjory Stoneman Douglas graduate is making a sculpture to honor the school shooting victims. The names of the ""1‚Ä¶ https://t.co/OGSqWoxYD0",Tue Mar 20 02:01:04 +0000 2018,33,0.2263,0.142,0.756,0.102
@CNN,"RT @AC360: Republican Rep. Matt Gaetz says Attorney General Jeff Sessions would be ""right to renounce his recusal, to re-establish command‚Ä¶",Tue Mar 20 01:58:57 +0000 2018,34,0.0,0.0,1.0,0.0
@CNN,"Facebook's value plunges $37 billion on news that data firm Cambridge Analytica, which had ties to Trump's campaign‚Ä¶ https://t.co/VTPrmyYTEc",Tue Mar 20 01:56:02 +0000 2018,35,0.34,0.118,0.882,0.0
@CNN,"It's official: ""Sex and the City"" star Cynthia Nixon has announced that she is throwing her hat in the New York gub‚Ä¶ https://t.co/Dy0HfIgbQI",Tue Mar 20 01:51:06 +0000 2018,36,0.0,0.0,1.0,0.0
@CNN,RT @AC360: Anderson Cooper: President Trump's recent actions aimed at undermining the institutions that he believes threaten him is a patte‚Ä¶,Tue Mar 20 01:50:33 +0000 2018,37,-0.6249,0.0,0.779,0.221
@CNN,"Alex Stamos, Facebook's chief security officer, says he's still ""fully engaged"" in his work at Facebook following r‚Ä¶ https://t.co/ArNf1dJY7L",Tue Mar 20 01:46:05 +0000 2018,38,0.659,0.241,0.759,0.0
@CNN,"RT @OutFrontCNN: Comedian John Oliver, Vice President Mike Pence, a pair of bunny books, and one ""hopping mad"" publisher. This is the tale‚Ä¶",Tue Mar 20 01:45:46 +0000 2018,39,-0.1531,0.101,0.775,0.124
@CNN,The NTSB wants the FAA to ban commercial flights' use of harness systems that don't allow for easy release during e‚Ä¶ https://t.co/W2wiBEX3Vd,Tue Mar 20 01:41:06 +0000 2018,40,-0.7699,0.0,0.712,0.288
@CNN,First lady Melania Trump made a rare appearance that included public remarks in support of those battling the opioi‚Ä¶ https://t.co/wIYSztOJIm,Tue Mar 20 01:31:08 +0000 2018,41,0.1531,0.124,0.78,0.096
@CNN,The spending bill that Congress is expected to usher though this week will most likely not include sexual harassmen‚Ä¶ https://t.co/cwWMuYOKWS,Tue Mar 20 01:24:06 +0000 2018,42,0.0,0.0,1.0,0.0
@CNN,"Former Nixon White House counsel John Dean says President Trump ""is Nixon on steroids and stilts""‚Ä¶ https://t.co/IsKq3WBVCi",Tue Mar 20 01:16:00 +0000 2018,43,0.0,0.0,1.0,0.0
@CNN,A load of gold worth up to $54 million went missing during the Civil War. The mystery gained new life when FBI agen‚Ä¶ https://t.co/dKZAFdBUx0,Tue Mar 20 01:12:05 +0000 2018,44,-0.3818,0.152,0.642,0.206
@CNN,"Power, sex and data: A weekend of issues in the Trump presidency | By Juliette Kayyem via @CNNOpinion‚Ä¶ https://t.co/Luhz309KQn",Tue Mar 20 01:09:03 +0000 2018,45,0.0,0.0,1.0,0.0
@CNN,El Salvador may be the first country to have a community of 3D-printed homes https://t.co/zn5VfEuBWP https://t.co/vkdtHpla2L,Tue Mar 20 01:02:04 +0000 2018,46,0.0,0.0,1.0,0.0
@CNN,"""What I think we're witnessing is a very public obstruction of justice. He ... has already exceeded everything that‚Ä¶ https://t.co/XuIPoigeJw",Tue Mar 20 00:54:13 +0000 2018,47,0.5267,0.167,0.833,0.0
@CNN,"Democratic Rep. Jim Himes on President Trump adding attorney who pushed theory DOJ framed Trump: ""He is looking for‚Ä¶ https://t.co/uADfABs9wF",Tue Mar 20 00:50:29 +0000 2018,48,0.0,0.0,1.0,0.0
@CNN,It's one thing to have a situation where Facebook may be targeting users with ads; It's a different situation when‚Ä¶ https://t.co/rCEnSB20ua,Tue Mar 20 00:47:47 +0000 2018,49,0.0,0.0,1.0,0.0
@CNN,We ignore these Iraq War lessons at our peril | By Jeremi Suri via @CNNOpinion https://t.co/PTI4pEW3sq https://t.co/uR8N5s2f3X,Tue Mar 20 00:36:16 +0000 2018,50,-0.8442,0.0,0.588,0.412
@CNN,Why Senate Majority Leader Mitch McConnell hasn't said anything about President Trump's attacks on special counsel‚Ä¶ https://t.co/pMIYW3co5R,Tue Mar 20 00:31:07 +0000 2018,51,-0.0516,0.131,0.728,0.141
@CNN,"A billionaire, a Kennedy and an upstart state lawmaker are the leading Democratic challengers in the race to unseat‚Ä¶ https://t.co/dlyGsPvxkO",Tue Mar 20 00:26:07 +0000 2018,52,0.1027,0.076,0.924,0.0
@CNN,The US warned that ISIS has begun reconstituting in some areas of Syria because a Turkish military offensive agains‚Ä¶ https://t.co/ZnonenOhTJ,Tue Mar 20 00:21:03 +0000 2018,53,-0.6249,0.0,0.769,0.231
@CNN,"President Trump called the Russia investigation a ""total witch hunt."" @jaketapper takes a closer look at recent dev‚Ä¶ https://t.co/PeCjjSdiJE",Tue Mar 20 00:16:00 +0000 2018,54,-0.3612,0.0,0.865,0.135
@CNN,Your personal information is Facebook's currency. It's bought and sold every day. https://t.co/n2ijDvNtBB,Tue Mar 20 00:13:05 +0000 2018,55,0.0,0.0,1.0,0.0
@CNN,The wife of the man who killed dozens at an Orlando nightclub in 2016 told FBI investigators she knew beforehand th‚Ä¶ https://t.co/5SuIBNH0k4,Tue Mar 20 00:11:01 +0000 2018,56,-0.6705,0.0,0.824,0.176
@CNN,"President Trump, who as a candidate used the Clinton Foundation to slam his opponent Hillary Clinton, heralded an o‚Ä¶ https://t.co/rGpaIWkWkV",Tue Mar 20 00:08:15 +0000 2018,57,-0.3818,0.0,0.874,0.126
@CNN,"Three members of the Congressional Black Caucus have called for the bombings in Austin, Texas, to be classified as‚Ä¶ https://t.co/NlFGxAz2WZ",Tue Mar 20 00:03:07 +0000 2018,58,0.0,0.0,1.0,0.0
@CNN,A school resource officer initially recommended involuntarily committing the Florida school shooter over mental hea‚Ä¶ https://t.co/fH7Jmsnr24,Mon Mar 19 23:57:43 +0000 2018,59,0.2732,0.193,0.807,0.0
@CNN,"RT @TheLeadCNN: The special counsel‚Äôs investigation is hardly a witch hunt. It has:
‚û°Ô∏è Yielded charges against 19 people and 3 companies, s‚Ä¶",Mon Mar 19 23:47:02 +0000 2018,60,-0.1548,0.108,0.72,0.172
@CNN,"""This is not their favorite topic."" -Sen. Sheldon Whitehouse on Republican lawmakers being forced to field question‚Ä¶ https://t.co/7kKARERij9",Mon Mar 19 23:46:06 +0000 2018,61,-0.6684,0.0,0.745,0.255
@CNN,"It's winter's last day, and about 20M are in the path of severe storms as large hail and damaging winds hit parts o‚Ä¶ https://t.co/kcv5meTlKL",Mon Mar 19 23:35:47 +0000 2018,62,-0.6808,0.046,0.745,0.209
@CNN,"The Cambridge Analytica scandal has done immense damage to the Facebook brand, sources across the company believe‚Ä¶ https://t.co/k32dEHDbfS",Mon Mar 19 23:23:40 +0000 2018,63,-0.7269,0.0,0.724,0.276
@CNN,RT @TheLeadCNN: We're celebrating 5 years of #TheLead with @jaketapper! Thank you to all of our viewers for watching! üì∫ https://t.co/3NmZOk‚Ä¶,Mon Mar 19 23:21:23 +0000 2018,64,0.7772,0.285,0.715,0.0
@CNN,"Trump lawyer Michael Cohen jokes about Stormy Daniels, saying he might take ""an extended vacation on her dime""; A l‚Ä¶ https://t.co/pTf3j0iLUk",Mon Mar 19 23:20:00 +0000 2018,65,0.25,0.095,0.905,0.0
@CNN,"With just days before a potential shutdown, negotiations continue on a must-pass spending bill‚Ä¶ https://t.co/qmINUShnrI",Mon Mar 19 23:10:06 +0000 2018,66,0.0,0.0,1.0,0.0
@CNN,"An anti-abortion, conservative Democrat fights for survival in the Illinois primary https://t.co/IsSkwVA69D https://t.co/3Nv9Gdt00P",Mon Mar 19 23:07:04 +0000 2018,67,-0.4019,0.0,0.816,0.184
@CNN,What you need to know about Facebook's data debacle https://t.co/ngPqheWSSq https://t.co/G7X2Inay7b,Mon Mar 19 23:01:07 +0000 2018,68,0.0,0.0,1.0,0.0
@CNN,The Supreme Court just gave Democrats a much better chance of retaking the House in 2018 | Analysis by @CillizzaCNN‚Ä¶ https://t.co/ENTEP3LgMq,Mon Mar 19 22:58:04 +0000 2018,69,0.8176,0.347,0.653,0.0
@CNN,"Republicans are bluntly warning President Trump to lay off his attacks on special counsel Robert Mueller, but there‚Ä¶ https://t.co/lBBpwb5d1E",Mon Mar 19 22:53:04 +0000 2018,70,-0.2023,0.086,0.744,0.17
@CNN,President Trump's lawyers recently provided the special counsel's office with documents in an attempt to limit the‚Ä¶ https://t.co/hvD3zJposE,Mon Mar 19 22:45:47 +0000 2018,71,0.4019,0.137,0.863,0.0
@CNN,"Senator Warner says it was ""more than a little bit fishy"" that former FBI Deputy Director Andrew McCabe was fired 3‚Ä¶ https://t.co/ZD7Fqa0RWu",Mon Mar 19 22:43:20 +0000 2018,72,-0.5574,0.0,0.847,0.153
@CNN,RT @CNNSitRoom: Facebook is under intense pressure to answer questions after it admitted that a company linked to President Trump's campaig‚Ä¶,Mon Mar 19 22:40:07 +0000 2018,73,-0.128,0.123,0.776,0.1
@CNN,Rep. Adam Schiff on Trump attacking special counsel Robert Mueller on Twitter: The President seems to be testing th‚Ä¶ https://t.co/fkEcFAG4M8,Mon Mar 19 22:39:29 +0000 2018,74,-0.0772,0.114,0.759,0.127
@CNN,"RT @TheLeadCNN: ""What you have is like the ‚ÄòSurvivor‚Äô meets ‚ÄòThe Apprentice‚Äô meets ‚ÄòGame of Thrones.‚Äô It is the most insane scenario ... th‚Ä¶",Mon Mar 19 22:35:27 +0000 2018,75,-0.1263,0.091,0.8,0.109
@CNN,"Sen. Jeanne Shaheen: If President Trump has nothing to hide, then he should be interested in seeing this investigat‚Ä¶ https://t.co/CwcznrIfm2",Mon Mar 19 22:34:14 +0000 2018,76,0.497,0.19,0.81,0.0
@CNN,Sen. Jeanne Shaheen: I‚Äôve been disappointed more Republican lawmakers aren‚Äôt speaking out to protect special counse‚Ä¶ https://t.co/FQIXvLkvWF,Mon Mar 19 22:32:12 +0000 2018,77,0.296,0.237,0.625,0.138
@CNN,Sen. Jeanne Shaheen: I‚Äôve been disappointed more Republican lawmakers aren‚Äôt speaking out to protect special counse‚Ä¶ https://t.co/4XVMG61Kt0,Mon Mar 19 22:29:39 +0000 2018,78,0.296,0.237,0.625,0.138
@CNN,"""[Trump] has been extremely consistent. He hates this investigation,"" and ""he is scared of this investigation."" - T‚Ä¶ https://t.co/DzZka7zHAD",Mon Mar 19 22:27:31 +0000 2018,79,-0.7239,0.0,0.725,0.275
@CNN,"RT @TheLeadCNN: Austin, Texas authorities say the 4th bomb that went off overnight is the most sophisticated yet https://t.co/uqdA06osou ht‚Ä¶",Mon Mar 19 22:18:00 +0000 2018,80,0.1761,0.155,0.717,0.128
@CNN,"US President Trump has yet to congratulate Russian President Vladimir Putin on his election, and a phone call betwe‚Ä¶ https://t.co/WclI7Tljht",Mon Mar 19 22:16:07 +0000 2018,81,0.4939,0.151,0.849,0.0
@CNN,Uber has removed its self-driving cars from the road after a self-driving Uber SUV struck and killed a pedestrian i‚Ä¶ https://t.co/gODSZocjLN,Mon Mar 19 22:11:33 +0000 2018,82,-0.7769,0.0,0.715,0.285
@CNN,"Authorities are speaking in Tempe, Arizona, about the self-driving Uber SUV that struck and killed a woman. Watch o‚Ä¶ https://t.co/2WJR68WqSC",Mon Mar 19 22:06:46 +0000 2018,83,-0.7759,0.0,0.715,0.285
@CNN,At least four people have died following head-on crashes in Hyundai and Kia cars in which the airbags did not deplo‚Ä¶ https://t.co/NYc6ZPBVDp,Mon Mar 19 22:06:04 +0000 2018,84,-0.8316,0.0,0.719,0.281
@CNN,"The Turpin siblings, allegedly tortured for years by their parents, are out of hospitals but still regularly in tou‚Ä¶ https://t.co/KyDF93PMYn",Mon Mar 19 22:00:05 +0000 2018,85,-0.3182,0.0,0.892,0.108
@CNN,The Federal Reserve is all but certain to lift interest rates when Jerome Powell leads his first meeting as chairma‚Ä¶ https://t.co/HIQRM5w4Bx,Mon Mar 19 21:57:24 +0000 2018,86,0.7684,0.259,0.741,0.0
@CNN,Opponents of abortion will come to the Supreme Court on Tuesday to challenge a California law they say is an uncons‚Ä¶ https://t.co/3m0Rs9PvG4,Mon Mar 19 21:56:26 +0000 2018,87,0.5994,0.205,0.795,0.0
@CNN,Facebook sinks nearly 7% as the user data controversy sparks the company's worst day in four years.‚Ä¶ https://t.co/uAmoZ6NeSv,Mon Mar 19 21:55:37 +0000 2018,88,-0.6249,0.0,0.806,0.194
@CNN,"Lin-Manuel Miranda and Ben Platt, two of Broadway's most popular voices, join forces for a song to benefit March Fo‚Ä¶ https://t.co/Elnp81GDIl",Mon Mar 19 21:21:45 +0000 2018,89,0.8204,0.335,0.665,0.0
@CNN,"""We can't execute our way out of this epidemic"": President Trump's proposal to impose the death penalty on drug tra‚Ä¶ https://t.co/ZfqIlAFlN4",Mon Mar 19 21:14:02 +0000 2018,90,-0.8442,0.0,0.664,0.336
@CNN,Mississippi Gov. Phil Bryant has signed into law a bill that prevents women from getting abortions after 15 weeks o‚Ä¶ https://t.co/rgTyLZc5Y4,Mon Mar 19 21:08:33 +0000 2018,91,0.0772,0.064,0.936,0.0
@CNN,"Facebook's value plunges $37 billion on news that data firm Cambridge Analytica, which had ties to Trump's campaign‚Ä¶ https://t.co/28hLoRGydA",Mon Mar 19 20:58:07 +0000 2018,92,0.34,0.118,0.882,0.0
@CNN,1 sentence that explains the wacky and super dysfunctional world of Donald Trump | Analysis by @CillizzaCNN‚Ä¶ https://t.co/IzXZIlCluO,Mon Mar 19 20:52:04 +0000 2018,93,0.6369,0.271,0.729,0.0
@CNN,A member of Congress has extended an opportunity for former FBI deputy director Andrew McCabe to continue working i‚Ä¶ https://t.co/lab9t9ApWC,Mon Mar 19 20:41:26 +0000 2018,94,0.4215,0.135,0.865,0.0
@CNN,Democratic Rep. Tom Suozzi is facing criticism after comments he made last week were interpreted as a suggestion of‚Ä¶ https://t.co/xLoJTQaweT,Mon Mar 19 20:33:04 +0000 2018,95,-0.4404,0.0,0.861,0.139
@CNN,The Dow drops 336 points as Facebook has its worst day in four years https://t.co/tritlMlisj https://t.co/UWnMhHktFw,Mon Mar 19 20:30:51 +0000 2018,96,-0.6249,0.0,0.785,0.215
@CNN,"Time's Up, the female-led organization formed in the aftermath of the Harvey Weinstein scandal, has called for an i‚Ä¶ https://t.co/2NoqT04pRF",Mon Mar 19 20:23:21 +0000 2018,97,-0.4404,0.0,0.868,0.132
@CNN,"Lena Dunham talks about the ""ups and downs"" of life after having a hysterectomy due to her painful struggle with en‚Ä¶ https://t.co/LaQ1Rjgypz",Mon Mar 19 20:19:18 +0000 2018,98,-0.6369,0.0,0.785,0.215
@CNN,"Representatives of North Korea, South Korea and the US are set to meet in Finland https://t.co/Z7nMAv39iR https://t.co/LtP275u89K",Mon Mar 19 20:11:31 +0000 2018,99,0.0,0.0,1.0,0.0
@CNN,"RT @CNNnewsroom: ""Donald Trump's tweets contain multitudes and usually multitudes of things that aren't accurate"" - CNN's Chris Cillizza re‚Ä¶",Mon Mar 19 20:09:49 +0000 2018,100,0.0,0.0,1.0,0.0
@FoxNews,"'Socially responsible' investors reassess @facebook ownership, via @FoxBusiness https://t.co/iG2QpLxlJs",Tue Mar 20 03:49:56 +0000 2018,1,0.3182,0.223,0.777,0.0
@FoxNews,.@KatiePavlich on Dems offering Andrew McCabe a job so he can get full pension: ‚ÄúI just think that it‚Äôs a disservic‚Ä¶ https://t.co/dyyzU4WM2Z,Tue Mar 20 03:42:22 +0000 2018,2,0.0,0.0,1.0,0.0
@FoxNews,Are some states headed for Splitsville? Movement grows to allow sections of states to break away  https://t.co/H8UNrAD2wW,Tue Mar 20 03:24:24 +0000 2018,3,0.2263,0.106,0.894,0.0
@FoxNews,"During a speech on the opioid crisis in America on Monday, @POTUS called for ending sanctuary cities.‚Ä¶ https://t.co/MibaTWnp2O",Tue Mar 20 03:11:10 +0000 2018,4,-0.6249,0.0,0.796,0.204
@FoxNews,.@POTUS shook hands with Fire Chief Daniel Goonan during a visit to the Manchester Central Fire Station in Manchest‚Ä¶ https://t.co/PXos8LJI15,Tue Mar 20 03:00:02 +0000 2018,5,-0.6369,0.0,0.721,0.279
@FoxNews,".@IngrahamAngle: 'If Any Of Us Had Done What McCabe Did, We'd Already Be In Jail' https://t.co/iWegdqw4Ua",Tue Mar 20 02:52:03 +0000 2018,6,0.0,0.0,1.0,0.0
@FoxNews,Weinstein Company files for Chapter 11 with buyout offer in hand https://t.co/9gvKN46bmm,Tue Mar 20 02:46:37 +0000 2018,7,0.4939,0.225,0.775,0.0
@FoxNews,BREAKING: Reports of serious damage as tornado rips through Alabama's Jacksonville State University  https://t.co/J6FPaV0Zcn,Tue Mar 20 02:39:44 +0000 2018,8,-0.5423,0.0,0.727,0.273
@FoxNews,"Attorney General Jeff Sessions released a statement after @POTUS' speech on opioids today, in which the president l‚Ä¶ https://t.co/P6K0OcvY8S",Tue Mar 20 02:32:39 +0000 2018,9,0.0,0.0,1.0,0.0
@FoxNews,".@MonicaCrowley: ""The most distinct and dangerous split in this country...is less left-right than it is the elites‚Ä¶ https://t.co/JYsF7dvLjZ",Tue Mar 20 02:24:41 +0000 2018,10,-0.5209,0.0,0.835,0.165
@FoxNews,".@IngrahamAngle on McCabe firing: ""When the government learns of wrongdoing, shouldn't it act immediately?...Who ca‚Ä¶ https://t.co/bvGOzwhU8w",Tue Mar 20 02:14:26 +0000 2018,11,-0.34,0.0,0.862,0.138
@FoxNews,Ousted FBI official McCabe offered jobs by Dem lawmakers so he can get full pension https://t.co/kko8SIHXEA,Tue Mar 20 02:00:24 +0000 2018,12,0.0,0.0,1.0,0.0
@FoxNews,.@iamjohnoliver slammed for 'controversial and partisan' mockery of Pence family bunny https://t.co/6cFTdJoSlD,Tue Mar 20 01:48:20 +0000 2018,13,-0.4767,0.0,0.709,0.291
@FoxNews,".@DevinNunes: ‚ÄúWe just can‚Äôt have, in this country, where you have political dirt that‚Äôs paid for by one political‚Ä¶ https://t.co/f8JKUNy1Su",Tue Mar 20 01:36:00 +0000 2018,14,-0.34,0.0,0.888,0.112
@FoxNews,"During a speech about new efforts to fight the opioid crisis on Monday, @POTUS once again called for a border wall,‚Ä¶ https://t.co/cf7bg5Cuvb",Tue Mar 20 01:33:12 +0000 2018,15,-0.7717,0.0,0.729,0.271
@FoxNews,"Rocky Patel of @RockyPatelCigar on Obama-era cigar regulations: ""These rules are so outrageous, they're so burdenso‚Ä¶ https://t.co/6UEeIOTcNJ",Tue Mar 20 01:29:32 +0000 2018,16,-0.5949,0.0,0.805,0.195
@FoxNews,Doorbell DNA leads deputies to suspected Florida burglar https://t.co/nLkjo4ardX,Tue Mar 20 01:20:49 +0000 2018,17,-0.2263,0.0,0.808,0.192
@FoxNews,Tom Fitton: 'FBI Is in Cover-Up Mode' on Hillary Clinton Email Probe https://t.co/r6LFu9dXJC,Tue Mar 20 01:06:48 +0000 2018,18,-0.296,0.0,0.845,0.155
@FoxNews,'You run the damn Justice Department': Holder says Sessions must 'have the guts' to say no to #Trump https://t.co/LmPROcYz7x,Tue Mar 20 00:57:06 +0000 2018,19,-0.128,0.14,0.658,0.202
@FoxNews,".@dbongino: ""It's frustrating because, #Tucker, we did nothing wrong. Legal gun owners are saying to themselves all‚Ä¶ https://t.co/YGgbK9Qv5F",Tue Mar 20 00:48:39 +0000 2018,20,0.0823,0.201,0.612,0.187
@FoxNews,"'Socially responsible' investors reassess @facebook ownership, via @FoxBusiness https://t.co/iG2QpLxlJs",Tue Mar 20 03:49:56 +0000 2018,21,0.3182,0.223,0.777,0.0
@FoxNews,.@KatiePavlich on Dems offering Andrew McCabe a job so he can get full pension: ‚ÄúI just think that it‚Äôs a disservic‚Ä¶ https://t.co/dyyzU4WM2Z,Tue Mar 20 03:42:22 +0000 2018,22,0.0,0.0,1.0,0.0
@FoxNews,Are some states headed for Splitsville? Movement grows to allow sections of states to break away  https://t.co/H8UNrAD2wW,Tue Mar 20 03:24:24 +0000 2018,23,0.2263,0.106,0.894,0.0
@FoxNews,"During a speech on the opioid crisis in America on Monday, @POTUS called for ending sanctuary cities.‚Ä¶ https://t.co/MibaTWnp2O",Tue Mar 20 03:11:10 +0000 2018,24,-0.6249,0.0,0.796,0.204
@FoxNews,.@POTUS shook hands with Fire Chief Daniel Goonan during a visit to the Manchester Central Fire Station in Manchest‚Ä¶ https://t.co/PXos8LJI15,Tue Mar 20 03:00:02 +0000 2018,25,-0.6369,0.0,0.721,0.279
@FoxNews,".@IngrahamAngle: 'If Any Of Us Had Done What McCabe Did, We'd Already Be In Jail' https://t.co/iWegdqw4Ua",Tue Mar 20 02:52:03 +0000 2018,26,0.0,0.0,1.0,0.0
@FoxNews,Weinstein Company files for Chapter 11 with buyout offer in hand https://t.co/9gvKN46bmm,Tue Mar 20 02:46:37 +0000 2018,27,0.4939,0.225,0.775,0.0
@FoxNews,BREAKING: Reports of serious damage as tornado rips through Alabama's Jacksonville State University  https://t.co/J6FPaV0Zcn,Tue Mar 20 02:39:44 +0000 2018,28,-0.5423,0.0,0.727,0.273
@FoxNews,"Attorney General Jeff Sessions released a statement after @POTUS' speech on opioids today, in which the president l‚Ä¶ https://t.co/P6K0OcvY8S",Tue Mar 20 02:32:39 +0000 2018,29,0.0,0.0,1.0,0.0
@FoxNews,".@MonicaCrowley: ""The most distinct and dangerous split in this country...is less left-right than it is the elites‚Ä¶ https://t.co/JYsF7dvLjZ",Tue Mar 20 02:24:41 +0000 2018,30,-0.5209,0.0,0.835,0.165
@FoxNews,".@IngrahamAngle on McCabe firing: ""When the government learns of wrongdoing, shouldn't it act immediately?...Who ca‚Ä¶ https://t.co/bvGOzwhU8w",Tue Mar 20 02:14:26 +0000 2018,31,-0.34,0.0,0.862,0.138
@FoxNews,Ousted FBI official McCabe offered jobs by Dem lawmakers so he can get full pension https://t.co/kko8SIHXEA,Tue Mar 20 02:00:24 +0000 2018,32,0.0,0.0,1.0,0.0
@FoxNews,.@iamjohnoliver slammed for 'controversial and partisan' mockery of Pence family bunny https://t.co/6cFTdJoSlD,Tue Mar 20 01:48:20 +0000 2018,33,-0.4767,0.0,0.709,0.291
@FoxNews,".@DevinNunes: ‚ÄúWe just can‚Äôt have, in this country, where you have political dirt that‚Äôs paid for by one political‚Ä¶ https://t.co/f8JKUNy1Su",Tue Mar 20 01:36:00 +0000 2018,34,-0.34,0.0,0.888,0.112
@FoxNews,"During a speech about new efforts to fight the opioid crisis on Monday, @POTUS once again called for a border wall,‚Ä¶ https://t.co/cf7bg5Cuvb",Tue Mar 20 01:33:12 +0000 2018,35,-0.7717,0.0,0.729,0.271
@FoxNews,"Rocky Patel of @RockyPatelCigar on Obama-era cigar regulations: ""These rules are so outrageous, they're so burdenso‚Ä¶ https://t.co/6UEeIOTcNJ",Tue Mar 20 01:29:32 +0000 2018,36,-0.5949,0.0,0.805,0.195
@FoxNews,Doorbell DNA leads deputies to suspected Florida burglar https://t.co/nLkjo4ardX,Tue Mar 20 01:20:49 +0000 2018,37,-0.2263,0.0,0.808,0.192
@FoxNews,Tom Fitton: 'FBI Is in Cover-Up Mode' on Hillary Clinton Email Probe https://t.co/r6LFu9dXJC,Tue Mar 20 01:06:48 +0000 2018,38,-0.296,0.0,0.845,0.155
@FoxNews,'You run the damn Justice Department': Holder says Sessions must 'have the guts' to say no to #Trump https://t.co/LmPROcYz7x,Tue Mar 20 00:57:06 +0000 2018,39,-0.128,0.14,0.658,0.202
@FoxNews,".@dbongino: ""It's frustrating because, #Tucker, we did nothing wrong. Legal gun owners are saying to themselves all‚Ä¶ https://t.co/YGgbK9Qv5F",Tue Mar 20 00:48:39 +0000 2018,40,0.0823,0.201,0.612,0.187
@FoxNews,".@AlanDersh: ""The American public is...sick and tired of a Republican truth, a Democrat truth, a #Trump truth, an a‚Ä¶ https://t.co/zBSUbCl1zJ",Tue Mar 20 00:37:23 +0000 2018,41,0.4588,0.303,0.57,0.127
@FoxNews,".@AlanDersh: ""When the people who are supposed to protect us...are testifying falsely, for whatever reason, we the‚Ä¶ https://t.co/IWajvHgciw",Tue Mar 20 00:22:48 +0000 2018,42,0.3818,0.133,0.867,0.0
@FoxNews,".@TuckerCarlson: ""Dishonest law enforcement is a big deal no matter who the president is. In fact, it's the biggest‚Ä¶ https://t.co/zD9AiDTokg",Tue Mar 20 00:15:59 +0000 2018,43,-0.7003,0.048,0.696,0.257
@FoxNews,Self-driving Uber crash could open the company to criminal charges https://t.co/ns4HQdyOJt,Tue Mar 20 00:01:22 +0000 2018,44,-0.8173,0.0,0.485,0.515
@FoxNews,"JUST IN: Zachary Cruz, Parkland massacre suspect's brother, arrested for trespassing at school https://t.co/kujCrEzOsg",Mon Mar 19 23:48:31 +0000 2018,45,-0.4767,0.0,0.807,0.193
@FoxNews,.@newtgingrich: ‚ÄúThe fact is it wasn‚Äôt @POTUS who fired McCabe. It was the Inspector General‚Äôs report in the FBI‚Ä¶‚Äù‚Ä¶ https://t.co/35xjJVY7Vb,Mon Mar 19 23:42:07 +0000 2018,46,-0.5574,0.0,0.841,0.159
@FoxNews,".@newtgingrich: ‚ÄúMueller, in the end, is, I think, not going to have anything substantive about @POTUS, and in some‚Ä¶ https://t.co/jol02sSPSi",Mon Mar 19 23:40:19 +0000 2018,47,0.0,0.0,1.0,0.0
@FoxNews,"Florida teacher arrested after she threatened to 'blow everyone up' at school, cops say https://t.co/HowShyDypD",Mon Mar 19 23:31:03 +0000 2018,48,-0.7269,0.0,0.681,0.319
@FoxNews,.@marcthiessen: ‚ÄúThere is no privacy on the Internet.‚Äù #TheStory https://t.co/Su9gpTOSBM https://t.co/txni9BLjpP,Mon Mar 19 23:27:57 +0000 2018,49,-0.296,0.0,0.82,0.18
@FoxNews,".@GregAbbott_TX on the hunt for Austin, Texas bomber: ‚ÄúLaw enforcement at all levels are on top of this in a way bi‚Ä¶ https://t.co/574OxaEavh",Mon Mar 19 23:12:12 +0000 2018,50,0.2023,0.079,0.921,0.0
@FoxNews,.@FIU students return to campus for first time since bridge collapse https://t.co/ekhlBFQmgt,Mon Mar 19 23:04:04 +0000 2018,51,-0.4939,0.0,0.775,0.225
@FoxNews,"RT @MikeEmanuelFox: White House, Democrats trade offers to address 'dreamers'-from #SpecialReport tonight:
https://t.co/u4U05Ss3GF",Mon Mar 19 23:01:13 +0000 2018,52,0.0,0.0,1.0,0.0
@FoxNews,".@guypbenson: ""When you look at the McCabe firing, I think you can make a very strong case, based on the facts, tha‚Ä¶ https://t.co/R1uC8pypqt",Mon Mar 19 23:00:25 +0000 2018,53,0.2944,0.144,0.76,0.096
@FoxNews,".@MaraLiasson: ""I think what's happening is [@POTUS] is intent on discrediting the Mueller investigation so that wh‚Ä¶ https://t.co/doAafqRCnI",Mon Mar 19 22:55:48 +0000 2018,54,0.0,0.0,1.0,0.0
@FoxNews,".@MZHemingway on McCabe firing: ""It is never a good thing when your #2 at the @FBI is fired for bad behavior.""‚Ä¶ https://t.co/qtMQXB3a78",Mon Mar 19 22:49:52 +0000 2018,55,-0.898,0.0,0.588,0.412
@FoxNews,"""The U.S. government just hit a record, but not one with bragging rights. We are in debt. A lot of debt.""‚Ä¶ https://t.co/QEphN4nJ0X",Mon Mar 19 22:46:15 +0000 2018,56,-0.5023,0.0,0.854,0.146
@FoxNews,Mississippi enacts law banning most abortions after 15 weeks https://t.co/2l5tHo17no,Mon Mar 19 22:35:33 +0000 2018,57,0.0,0.0,1.0,0.0
@FoxNews,"During a speech on the opioid crisis in America on Monday, @POTUS called for ending sanctuary cities. https://t.co/Yxf2RHavha",Mon Mar 19 22:27:25 +0000 2018,58,-0.6249,0.0,0.796,0.204
@FoxNews,An 18-year-old gorilla at @phillyzoo hates to get his hands dirty. That‚Äôs why he sometimes walks upright like a hum‚Ä¶ https://t.co/JjWYnnvUJn,Mon Mar 19 22:24:36 +0000 2018,59,-0.5106,0.099,0.672,0.229
@FoxNews,".@brithume: ""There's been a lot of criticism that the firing was rushed, but McCabe was on the verge of retirement.‚Ä¶ https://t.co/1X6PKgKMpi",Mon Mar 19 22:15:41 +0000 2018,60,-0.3919,0.0,0.831,0.169
@FoxNews,.@lizpeek: @HillaryClinton's latest excuse: Stepford wives cost me the election https://t.co/Dv7VWg2ibU,Mon Mar 19 22:08:45 +0000 2018,61,0.0772,0.115,0.885,0.0
@FoxNews,Are some states headed for Splitsville? Movement grows to allow sections of states to break away https://t.co/H8UNrAD2wW,Mon Mar 19 22:00:08 +0000 2018,62,0.2263,0.106,0.894,0.0
@FoxNews,.@facebook exploring forensic audits to investigate Cambridge Analytica claims https://t.co/Su9gpTOSBM,Mon Mar 19 21:54:09 +0000 2018,63,0.0,0.0,1.0,0.0
@FoxNews,".@JesseBWatters on @HillaryClinton's apology after comments about Trump voters: ‚ÄúWe like authentic Hillary, even if‚Ä¶ https://t.co/vxz1LrqfqV",Mon Mar 19 21:47:01 +0000 2018,64,0.4019,0.209,0.791,0.0
@FoxNews,It was a special day at @dollysstampede‚Äã as Sgt. Bryan Samsel surprised his wife after returning home from a year o‚Ä¶ https://t.co/c7aTQu0toD,Mon Mar 19 21:44:08 +0000 2018,65,0.5574,0.204,0.796,0.0
@FoxNews,"Self-driving Uber car kills Arizona pedestrian, police say https://t.co/nLr9zucd1I",Mon Mar 19 21:31:49 +0000 2018,66,-0.5829,0.0,0.679,0.321
@FoxNews,.@kimguilfoyle on possibility of @POTUS firing Mueller: ‚ÄúLet them complete the investigation. I don‚Äôt see any upsid‚Ä¶ https://t.co/Y2E6Ft4Bmu,Mon Mar 19 21:20:31 +0000 2018,67,-0.34,0.0,0.87,0.13
@FoxNews,"During a speech about new efforts to fight the opioid crisis on Monday, @POTUS once again called for a border wall,‚Ä¶ https://t.co/5NUOAb2EGz",Mon Mar 19 21:12:12 +0000 2018,68,-0.7717,0.0,0.729,0.271
@FoxNews,Supreme Court keeps revised Pennsylvania congressional map in place https://t.co/eJLYkE8opo,Mon Mar 19 20:45:54 +0000 2018,69,0.5574,0.286,0.714,0.0
@FoxNews,Massachusetts @BurgerKing removes sign about overdosing after complaints https://t.co/njic1cdECW,Mon Mar 19 20:36:29 +0000 2018,70,-0.4019,0.0,0.748,0.252
@FoxNews,"Pennsylvania college student who went missing in Bermuda found dead, officials say https://t.co/LcRKyP0d7k",Mon Mar 19 20:29:22 +0000 2018,71,-0.7579,0.0,0.629,0.371
@FoxNews,Holy Cross Drops 'Knight' Mascot Over Ties to Christian Violence in the Crusades https://t.co/qDcSao3Qft,Mon Mar 19 20:11:39 +0000 2018,72,-0.6249,0.0,0.76,0.24
@FoxNews,".@WhiteHouse, Dems restart negotiations over DACA, funding border wall https://t.co/frvcb0X3XG",Mon Mar 19 20:05:53 +0000 2018,73,0.0,0.0,1.0,0.0
@FoxNews,".@POTUS on drug traffickers: ‚ÄúMy Department of Justice will be seeking so many, much tougher penalties than we‚Äôve e‚Ä¶ https://t.co/KGqSXSzUUt",Mon Mar 19 19:59:16 +0000 2018,74,0.6557,0.23,0.77,0.0
@FoxNews,'Build The Wall and Keep the Damn Drugs Out': #Trump Slams Dems' Inaction in Opioid Speech https://t.co/OxSld53cxp,Mon Mar 19 19:49:19 +0000 2018,75,-0.5719,0.0,0.761,0.239
@FoxNews,".@POTUS: ‚ÄúTogether, we will end the scourge of drug addiction in America once and for all. We will win, we will bea‚Ä¶ https://t.co/VE7u72Dea2",Mon Mar 19 19:43:25 +0000 2018,76,0.5859,0.147,0.853,0.0
@FoxNews,".@POTUS: ‚ÄúWe want every American to be able to reach their full, God-given potential‚Ä¶The brave families here today‚Ä¶ https://t.co/Z4ktE9Ktrc",Mon Mar 19 19:41:38 +0000 2018,77,0.5859,0.266,0.734,0.0
@FoxNews,".@POTUS: ‚ÄúWe pay, as a country, so much more for drugs because of the drug lobbies &amp; other reasons‚Ä¶If you compare o‚Ä¶ https://t.co/i2sUXNITOY",Mon Mar 19 19:33:22 +0000 2018,78,-0.1027,0.0,0.938,0.062
@FoxNews,"RT @FoxBusiness: .@POTUS: ""You'll be seeing drug prices falling very substantially in the not-so-distant future."" https://t.co/ycNGnI7zU9",Mon Mar 19 19:22:03 +0000 2018,79,-0.1531,0.0,0.904,0.096
@FoxNews,.@POTUS: ‚ÄúEnding sanctuary cities is crucial to stopping the drug addiction crisis.‚Äù https://t.co/8Dht9hIv6m,Mon Mar 19 19:21:45 +0000 2018,80,-0.1531,0.0,0.882,0.118
@FoxNews,".@POTUS: ""90% of the heroin in America comes from our southern border where, eventually @TheDemocrats will agree wi‚Ä¶ https://t.co/xiq1lotg9y",Mon Mar 19 19:14:12 +0000 2018,81,-0.1779,0.11,0.749,0.141
@FoxNews,.@POTUS: ‚ÄúWe‚Äôre also taking action to prevent addiction by addressing the problem of overprescribing.‚Äù https://t.co/qT9GUEmnt3,Mon Mar 19 19:12:25 +0000 2018,82,-0.3818,0.065,0.774,0.161
@FoxNews,.@POTUS on opioid crisis: ‚ÄúFailure is not an option. Addiction is not our future. We will liberate our country from‚Ä¶ https://t.co/5xLismjo7g,Mon Mar 19 19:00:15 +0000 2018,83,-0.6249,0.0,0.83,0.17
@FoxNews,".@POTUS on law enforcement officers: ‚ÄúWe thank you, we honor you, and we want you to know that we will always have‚Ä¶ https://t.co/2xJ7iyTEGJ",Mon Mar 19 18:56:00 +0000 2018,84,0.7184,0.259,0.741,0.0
@FoxNews,".@FLOTUS: ""We must continue educating [mothers] about the real dangers of opioids on unborn babies.""‚Ä¶ https://t.co/YJhdGgWnZj",Mon Mar 19 18:46:26 +0000 2018,85,-0.4939,0.0,0.824,0.176
@FoxNews,.@POTUS delivers remarks on efforts to combat the opioid crisis.  https://t.co/xgbqseWlE2 https://t.co/FEclJ9H74n,Mon Mar 19 18:32:11 +0000 2018,86,-0.7579,0.0,0.606,0.394
@FoxNews,"OPINION: Sen. Tom Cotton: Why I support Pompeo at State, Haspel at CIA https://t.co/q4P3O8DFD7",Mon Mar 19 18:17:22 +0000 2018,87,0.4019,0.184,0.816,0.0
@FoxNews,Jesse James jackpot: Outlaw photo bought on eBay for $10 could be worth $2 million https://t.co/9jxynxJ458,Mon Mar 19 17:57:21 +0000 2018,88,0.2263,0.112,0.888,0.0
@FoxNews,RT @FoxBusiness: #BreakingNews: Dow falls 400+ points in tech-led downdraft https://t.co/30utuhJG0P https://t.co/tWwx1qJnC9,Mon Mar 19 17:30:25 +0000 2018,89,0.0,0.0,1.0,0.0
@FoxNews,Amazing drone footage captured the beauty of China‚Äôs countryside in the spring. https://t.co/V40asWEVDy,Mon Mar 19 17:27:44 +0000 2018,90,0.8225,0.409,0.591,0.0
@FoxNews,Steve Pomerantz on Austin bombings #OutnumberedOT https://t.co/bqG3aTGDOr https://t.co/SgqjLcZG12,Mon Mar 19 17:16:44 +0000 2018,91,0.0,0.0,1.0,0.0
@FoxNews,"JUST IN: Self-driving Uber car kills Arizona pedestrian, police say https://t.co/uNQM5CYNxt",Mon Mar 19 17:10:34 +0000 2018,92,-0.5829,0.0,0.726,0.274
@FoxNews,Austin package bomb attacks timeline https://t.co/88C8w2SrrF,Mon Mar 19 17:07:38 +0000 2018,93,-0.7269,0.0,0.396,0.604
@FoxNews,Facebook apologizes for search suggestions of child pornography videos https://t.co/1GXT4KHsVF (via @christocarbone),Mon Mar 19 17:04:00 +0000 2018,94,0.3612,0.185,0.815,0.0
@FoxNews,How the @WhiteHouse is tackling the opioid epidemic https://t.co/cvascK7QJC,Mon Mar 19 17:00:41 +0000 2018,95,0.0,0.0,1.0,0.0
@FoxNews,"Steven Seagal accusers detail rape, sexual assault allegations against actor https://t.co/qmw3ZPrdrO",Mon Mar 19 16:53:43 +0000 2018,96,-0.8591,0.0,0.514,0.486
@FoxNews,"Austin bombings show 'similarities,' work of 'serial bomber,' police say (via @travfed)  https://t.co/dLVCoqa6Ef",Mon Mar 19 16:35:00 +0000 2018,97,0.0,0.0,1.0,0.0
@FoxNews,Trump Bible heads to museum https://t.co/pFc43cxrXf,Mon Mar 19 16:30:12 +0000 2018,98,0.0,0.0,1.0,0.0
@FoxNews,President Trump heading to New Hampshire to unveil opioid plan https://t.co/ulleIslPOI,Mon Mar 19 16:29:44 +0000 2018,99,0.0,0.0,1.0,0.0
@FoxNews,Air Force One departs Joint Base Andrews en route to New Hampshire.  https://t.co/FbFRHL1rz4,Mon Mar 19 16:24:03 +0000 2018,100,0.0,0.0,1.0,0.0
@nytimes,Mississippi has imposed a ban on abortions after 15 weeks. The state's only abortion clinic immediately sued to blo‚Ä¶ https://t.co/KqLmc4NspZ,Tue Mar 20 03:47:01 +0000 2018,1,-0.5994,0.0,0.776,0.224
@nytimes,RT @kevinroose: New by me: Facebook‚Äôs open platform for third-party apps helped it grow into a juggernaut. But it‚Äôs become a privacy nightm‚Ä¶,Tue Mar 20 03:32:03 +0000 2018,2,0.0,0.0,1.0,0.0
@nytimes,4 easy ways to cut down your sugar intake https://t.co/rRf9xm6WHS,Tue Mar 20 03:17:06 +0000 2018,3,0.2023,0.242,0.583,0.175
@nytimes,RT @nytmike: Dowd wants to quit. Trump‚Äôs talking about firing Cobb. Another lawyer ‚Äî who says FBI made up evidence against Trump ‚Äî was hire‚Ä¶,Tue Mar 20 03:02:05 +0000 2018,4,-0.34,0.0,0.902,0.098
@nytimes,"The brother of Nikolas Cruz was charged with trespassing at Marjory Stoneman Douglas High School on Monday, the aut‚Ä¶ https://t.co/h0o2gTJ7HO",Tue Mar 20 02:47:07 +0000 2018,5,-0.2023,0.0,0.913,0.087
@nytimes,"Audit your Facebook apps, audit your Facebook privacy settings, and 5 other tips for protecting your data on Facebo‚Ä¶ https://t.co/t87b7WJjZH",Tue Mar 20 02:32:04 +0000 2018,6,0.0,0.0,1.0,0.0
@nytimes,"Claire‚Äôs, the teen jewelry chain known for its ear-piercing services, filed for Chapter 11 bankruptcy protection https://t.co/mn4hvSQjkf",Tue Mar 20 02:17:06 +0000 2018,7,0.0,0.0,1.0,0.0
@nytimes,The Supreme Court rejected an emergency request from Pennsylvania Republicans to block new congressional voting dis‚Ä¶ https://t.co/DeLYEPkfdu,Tue Mar 20 02:02:02 +0000 2018,8,-0.6369,0.142,0.512,0.346
@nytimes,RT @sheeraf: To be clear: We spoke to seven current and former Facebook employees for this story on how internal disputes over FB's role in‚Ä¶,Tue Mar 20 01:47:04 +0000 2018,9,0.128,0.094,0.83,0.076
@nytimes,"A U.S. soldier in Niger warned that his unit was ill equipped for a raid on a militant. They were sent anyway, and‚Ä¶ https://t.co/0U7C8aSiyP",Tue Mar 20 01:32:03 +0000 2018,10,-0.5994,0.0,0.795,0.205
@nytimes,Evening Briefing: Here's what you need to know at the end of the day https://t.co/HYYSMwnO4R,Tue Mar 20 01:17:03 +0000 2018,11,0.0,0.0,1.0,0.0
@nytimes,"After we published an article on tipping and the power imbalance it creates between customers and servers, readers‚Ä¶ https://t.co/LJx3uSo2dF",Tue Mar 20 01:00:19 +0000 2018,12,0.2732,0.104,0.896,0.0
@nytimes,"RT @sheeraf: Full story now up. Alex Stamos is the first Facebook executive to leave the company, amid growing internal tensions over disin‚Ä¶",Tue Mar 20 00:48:11 +0000 2018,13,-0.296,0.066,0.781,0.152
@nytimes,"At a conference on whale biology in 1971, a female attendee was photographed but not identified. Last week, a team‚Ä¶ https://t.co/BfdgD7NSnJ",Tue Mar 20 00:32:02 +0000 2018,14,0.0,0.0,1.0,0.0
@nytimes,"RT @nytopinion: Despite Facebook‚Äôs claims, everyone involved in the Cambridge Analytica data-siphoning incident did not give his or her ‚Äúco‚Ä¶",Tue Mar 20 00:17:03 +0000 2018,15,0.0,0.0,1.0,0.0
@nytimes,Mary Outerbridge set up a tennis court in Staten Island in her 20s. It may have been the first in the U.S. https://t.co/MrVl8V3Mll,Tue Mar 20 00:02:05 +0000 2018,16,0.0,0.0,1.0,0.0
@nytimes,New York City‚Äôs subway hit a new low in January: Just 58.1% of weekday trains arrived on time. The MTA blamed bad w‚Ä¶ https://t.co/AjE2LhnBWu,Mon Mar 19 23:32:03 +0000 2018,17,-0.8271,0.0,0.697,0.303
@nytimes,"RT @KevinQ: The worst places for poor white children are almost all better than the best places for poor black children.

https://t.co/EPZt‚Ä¶",Mon Mar 19 23:17:05 +0000 2018,18,-0.539,0.2,0.498,0.302
@nytimes,Evening Briefing: Here's what you need to know at the end of the day https://t.co/tQvejB0Xpm,Mon Mar 19 23:02:04 +0000 2018,19,0.0,0.0,1.0,0.0
@nytimes,RT @nicoleperlroth: NEW: Facebook's security officer @alexstamos is leaving the company amid disagreements with Facebook execs over how to‚Ä¶,Mon Mar 19 22:44:07 +0000 2018,20,-0.1027,0.108,0.766,0.126
@nytimes,Mississippi has imposed a ban on abortions after 15 weeks. The state's only abortion clinic immediately sued to blo‚Ä¶ https://t.co/KqLmc4NspZ,Tue Mar 20 03:47:01 +0000 2018,21,-0.5994,0.0,0.776,0.224
@nytimes,RT @kevinroose: New by me: Facebook‚Äôs open platform for third-party apps helped it grow into a juggernaut. But it‚Äôs become a privacy nightm‚Ä¶,Tue Mar 20 03:32:03 +0000 2018,22,0.0,0.0,1.0,0.0
@nytimes,4 easy ways to cut down your sugar intake https://t.co/rRf9xm6WHS,Tue Mar 20 03:17:06 +0000 2018,23,0.2023,0.242,0.583,0.175
@nytimes,RT @nytmike: Dowd wants to quit. Trump‚Äôs talking about firing Cobb. Another lawyer ‚Äî who says FBI made up evidence against Trump ‚Äî was hire‚Ä¶,Tue Mar 20 03:02:05 +0000 2018,24,-0.34,0.0,0.902,0.098
@nytimes,"The brother of Nikolas Cruz was charged with trespassing at Marjory Stoneman Douglas High School on Monday, the aut‚Ä¶ https://t.co/h0o2gTJ7HO",Tue Mar 20 02:47:07 +0000 2018,25,-0.2023,0.0,0.913,0.087
@nytimes,"Audit your Facebook apps, audit your Facebook privacy settings, and 5 other tips for protecting your data on Facebo‚Ä¶ https://t.co/t87b7WJjZH",Tue Mar 20 02:32:04 +0000 2018,26,0.0,0.0,1.0,0.0
@nytimes,"Claire‚Äôs, the teen jewelry chain known for its ear-piercing services, filed for Chapter 11 bankruptcy protection https://t.co/mn4hvSQjkf",Tue Mar 20 02:17:06 +0000 2018,27,0.0,0.0,1.0,0.0
@nytimes,The Supreme Court rejected an emergency request from Pennsylvania Republicans to block new congressional voting dis‚Ä¶ https://t.co/DeLYEPkfdu,Tue Mar 20 02:02:02 +0000 2018,28,-0.6369,0.142,0.512,0.346
@nytimes,RT @sheeraf: To be clear: We spoke to seven current and former Facebook employees for this story on how internal disputes over FB's role in‚Ä¶,Tue Mar 20 01:47:04 +0000 2018,29,0.128,0.094,0.83,0.076
@nytimes,"A U.S. soldier in Niger warned that his unit was ill equipped for a raid on a militant. They were sent anyway, and‚Ä¶ https://t.co/0U7C8aSiyP",Tue Mar 20 01:32:03 +0000 2018,30,-0.5994,0.0,0.795,0.205
@nytimes,Evening Briefing: Here's what you need to know at the end of the day https://t.co/HYYSMwnO4R,Tue Mar 20 01:17:03 +0000 2018,31,0.0,0.0,1.0,0.0
@nytimes,"After we published an article on tipping and the power imbalance it creates between customers and servers, readers‚Ä¶ https://t.co/LJx3uSo2dF",Tue Mar 20 01:00:19 +0000 2018,32,0.2732,0.104,0.896,0.0
@nytimes,"RT @sheeraf: Full story now up. Alex Stamos is the first Facebook executive to leave the company, amid growing internal tensions over disin‚Ä¶",Tue Mar 20 00:48:11 +0000 2018,33,-0.296,0.066,0.781,0.152
@nytimes,"At a conference on whale biology in 1971, a female attendee was photographed but not identified. Last week, a team‚Ä¶ https://t.co/BfdgD7NSnJ",Tue Mar 20 00:32:02 +0000 2018,34,0.0,0.0,1.0,0.0
@nytimes,"RT @nytopinion: Despite Facebook‚Äôs claims, everyone involved in the Cambridge Analytica data-siphoning incident did not give his or her ‚Äúco‚Ä¶",Tue Mar 20 00:17:03 +0000 2018,35,0.0,0.0,1.0,0.0
@nytimes,Mary Outerbridge set up a tennis court in Staten Island in her 20s. It may have been the first in the U.S. https://t.co/MrVl8V3Mll,Tue Mar 20 00:02:05 +0000 2018,36,0.0,0.0,1.0,0.0
@nytimes,New York City‚Äôs subway hit a new low in January: Just 58.1% of weekday trains arrived on time. The MTA blamed bad w‚Ä¶ https://t.co/AjE2LhnBWu,Mon Mar 19 23:32:03 +0000 2018,37,-0.8271,0.0,0.697,0.303
@nytimes,"RT @KevinQ: The worst places for poor white children are almost all better than the best places for poor black children.

https://t.co/EPZt‚Ä¶",Mon Mar 19 23:17:05 +0000 2018,38,-0.539,0.2,0.498,0.302
@nytimes,Evening Briefing: Here's what you need to know at the end of the day https://t.co/tQvejB0Xpm,Mon Mar 19 23:02:04 +0000 2018,39,0.0,0.0,1.0,0.0
@nytimes,RT @nicoleperlroth: NEW: Facebook's security officer @alexstamos is leaving the company amid disagreements with Facebook execs over how to‚Ä¶,Mon Mar 19 22:44:07 +0000 2018,40,-0.1027,0.108,0.766,0.126
@nytimes,Alex Stamos is said to be leaving Facebook after internal disagreements over how the social network should deal wit‚Ä¶ https://t.co/2tbsL4WojM,Mon Mar 19 22:34:00 +0000 2018,41,-0.4215,0.0,0.872,0.128
@nytimes,Breaking News: A Facebook executive who urged transparency on Russian disinformation is said to be leaving after cl‚Ä¶ https://t.co/iFVb6BY6j7,Mon Mar 19 22:24:55 +0000 2018,42,0.0,0.0,1.0,0.0
@nytimes,"RT @UpshotNYT: The Supreme Court today refused to Intervene in the Pa. redistricting case. That means these districts are holding up, and D‚Ä¶",Mon Mar 19 22:17:03 +0000 2018,43,0.34,0.134,0.784,0.082
@nytimes,Photographers find new ways to frame the natural world https://t.co/dSKQ3jE90n https://t.co/2oMSS8Vyi9,Mon Mar 19 22:02:07 +0000 2018,44,0.3612,0.2,0.8,0.0
@nytimes,"RT @julieturkewitz: Tweeting some of the reaction to our story today: ""I have long thought the absence of Native Americans from any form of‚Ä¶",Mon Mar 19 21:47:01 +0000 2018,45,0.0,0.0,1.0,0.0
@nytimes,"Al Pacino and Michelle Pfeiffer will reunite for a 35th anniversary screening of ""Scarface"" at the Tribeca Film Fes‚Ä¶ https://t.co/CHjotO0oT8",Mon Mar 19 21:32:07 +0000 2018,46,0.0,0.0,1.0,0.0
@nytimes,"‚ÄúSend some girls around to the candidate‚Äôs house.‚Äù

As part of a monthslong investigation into Cambridge Analytica,‚Ä¶ https://t.co/YP7xSJ59Gx",Mon Mar 19 21:20:10 +0000 2018,47,0.0,0.0,1.0,0.0
@nytimes,RT @readercenter: A @nytimes article published today on race and the income gap led to a big discussion among our readers. Submit a questio‚Ä¶,Mon Mar 19 21:10:05 +0000 2018,48,0.0,0.0,1.0,0.0
@nytimes,"Catharine MacKinnon: ""People have asked me for 40 years how not to get sued for sexual harassment. Well, a good fir‚Ä¶ https://t.co/aiuh7NXSzK",Mon Mar 19 21:00:21 +0000 2018,49,0.128,0.189,0.679,0.132
@nytimes,"Justin Verlander brought value to the Astros last season, when he joined in a trade and helped them win the World S‚Ä¶ https://t.co/8yl93W3HoA",Mon Mar 19 20:50:06 +0000 2018,50,0.7351,0.237,0.763,0.0
@nytimes,‚ÄúEveryone in Austin is in the process of trying to figure out exactly how nervous to be. Are these bombings targete‚Ä¶ https://t.co/5Pg0Ep4PRR,Mon Mar 19 20:40:10 +0000 2018,51,-0.2732,0.0,0.909,0.091
@nytimes,Read our report on how servers and bartenders weigh harassing behavior from customers against the tips they need to‚Ä¶ https://t.co/N9dFagqWIa,Mon Mar 19 20:33:00 +0000 2018,52,-0.5423,0.0,0.844,0.156
@nytimes,"Our report on the sexual harassment endured by restaurant servers drew 1,200 responses from readers: on money, powe‚Ä¶ https://t.co/VnCiSwIYgy",Mon Mar 19 20:30:18 +0000 2018,53,-0.5423,0.0,0.837,0.163
@nytimes,RT @nytimestravel: Do you see Wakanda as a series of magical neighborhoods floating in midair? Would the magnetic levitation subway in trav‚Ä¶,Mon Mar 19 20:20:07 +0000 2018,54,0.0,0.0,1.0,0.0
@nytimes,"‚ÄúSend some girls around to the candidate‚Äôs house‚Äù: As part of a monthslong investigation into Cambridge Analytica,‚Ä¶ https://t.co/FMEWKpKCUa",Mon Mar 19 20:17:56 +0000 2018,55,0.0,0.0,1.0,0.0
@nytimes,"However, the firm‚Äôs employees, who often overlap, had contact in 2014 and 2015 with executives from Lukoil, the Rus‚Ä¶ https://t.co/8Q90TwYuIH",Mon Mar 19 20:14:53 +0000 2018,56,0.0,0.0,1.0,0.0
@nytimes,"Alexander Nix, a director of SCL Group, a British political and defense contractor, and chief executive of its Amer‚Ä¶ https://t.co/CZMF8buD3n",Mon Mar 19 20:13:08 +0000 2018,57,0.128,0.081,0.919,0.0
@nytimes,Facebook is defending its protection of user information after Cambridge Analytica harvested private information fr‚Ä¶ https://t.co/ynmgpzkUa8,Mon Mar 19 20:10:11 +0000 2018,58,0.0,0.0,1.0,0.0
@nytimes,"Christopher Wylie, who oversaw Cambridge‚Äôs data collection until 2014, said of his former company, ‚ÄúFor them, this‚Ä¶ https://t.co/lGYdQTfkLz",Mon Mar 19 20:06:00 +0000 2018,59,0.0,0.0,1.0,0.0
@nytimes,"The New York Times and The Observer of London reported how Cambridge Analytica, a political data firm closely tied‚Ä¶ https://t.co/iu6g0OHg5T",Mon Mar 19 20:04:05 +0000 2018,60,0.0,0.0,1.0,0.0
@nytimes,Here‚Äôs what you need to know about how a political data firm tied to President Trump‚Äôs campaign gained access to pr‚Ä¶ https://t.co/zvnAIgGXbv,Mon Mar 19 20:00:20 +0000 2018,61,0.3818,0.115,0.885,0.0
@nytimes,"""Nipped waists have long represented femininity,"" @AlexanderFury writes. ""What does it say about the contemporary m‚Ä¶ https://t.co/30rkCxLYYD",Mon Mar 19 19:50:06 +0000 2018,62,0.0,0.0,1.0,0.0
@nytimes,"RT @NYTmag: These are chicks of the endangered Akikiki bird, a small bird native to the forests of Kauai, Hawaii. https://t.co/Wx1KGuzIk7 h‚Ä¶",Mon Mar 19 19:40:08 +0000 2018,63,0.0,0.0,1.0,0.0
@nytimes,"The Australian comic Hannah Gadsby calls out Louis C.K., Harvey Weinstein and Bill Clinton, but her real target is‚Ä¶ https://t.co/9lsfWqknha",Mon Mar 19 19:30:06 +0000 2018,64,0.0,0.0,1.0,0.0
@nytimes,"The fourth bombing in Austin demonstrated a higher level of sophistication than the previous 3, as well as a ‚Äúsigni‚Ä¶ https://t.co/uLMo7jGk5b",Mon Mar 19 19:20:09 +0000 2018,65,0.2732,0.104,0.896,0.0
@nytimes,This video is the first piece in a series about these residents. Their stories offer a look at how people are confr‚Ä¶ https://t.co/NLB5u8MLra,Mon Mar 19 19:02:38 +0000 2018,66,0.0,0.0,1.0,0.0
@nytimes,"In the 6 months since Harvey, The New York Times followed several families in the Cinco Ranch community as they str‚Ä¶ https://t.co/naAH2tvhPx",Mon Mar 19 19:01:46 +0000 2018,67,0.0,0.0,1.0,0.0
@nytimes,The homes in Cinco Ranch sat on land that had been designed to flood ‚Äî a fact that wasn‚Äôt widely publicized when a‚Ä¶ https://t.co/qAwdPWE5WV,Mon Mar 19 19:00:57 +0000 2018,68,0.0,0.0,1.0,0.0
@nytimes,"After Hurricane Harvey swamped Houston, some residents of one suburban area were shocked to learn that the flooding‚Ä¶ https://t.co/QYRyJRcO7D",Mon Mar 19 19:00:10 +0000 2018,69,-0.3182,0.0,0.887,0.113
@nytimes,"RT @tiffkhsu: Claire's, where I and all of my friends and all of their friends got ears pierced as teenagers, is filing for Chapter 11 bank‚Ä¶",Mon Mar 19 18:50:06 +0000 2018,70,0.7351,0.212,0.788,0.0
@nytimes,Does New York want another celebrity in public office? The actress Cynthia Nixon hopes so: She just entered the rac‚Ä¶ https://t.co/tmzrIs6quF,Mon Mar 19 18:40:22 +0000 2018,71,0.4767,0.177,0.823,0.0
@nytimes,"RT @julieturkewitz: For much of our country's history, native people weren't permitted to vote. Now there are a historic number of indigeno‚Ä¶",Mon Mar 19 18:40:04 +0000 2018,72,0.0772,0.061,0.939,0.0
@nytimes,"4 bombings this month in Austin, including one on Sunday night, have killed 2 people and injured 4. Here's what we‚Ä¶ https://t.co/bqa42mRTn7",Mon Mar 19 18:30:04 +0000 2018,73,-0.802,0.0,0.714,0.286
@nytimes,Another reader reacts to the news that a woman died after being hit by a self-driving Uber car‚Ä¶ https://t.co/z1uax6tzgG,Mon Mar 19 18:21:43 +0000 2018,74,-0.5574,0.0,0.816,0.184
@nytimes,A New York Times reader reacts to the news that a woman died after being hit by a self-driving Uber car‚Ä¶ https://t.co/1Tm0f1qpdM,Mon Mar 19 18:20:05 +0000 2018,75,-0.5574,0.0,0.833,0.167
@nytimes,You'll probably need to do a little shopping to make this traditional dish. But it's well worth it. https://t.co/8sjpx5xcn7,Mon Mar 19 18:10:09 +0000 2018,76,0.4588,0.2,0.8,0.0
@nytimes,"RT @NYTSports: Tyronn Lue: ‚ÄúI have had chest pains and other troubling symptoms."" He's stepping away from the Cavs with just 13 games left‚Ä¶",Mon Mar 19 18:00:11 +0000 2018,77,-0.743,0.0,0.777,0.223
@nytimes,"Andrew McCabe, the former FBI deputy director, was fired late Friday night ‚Äî on the eve of his retirement. Here‚Äôs w‚Ä¶ https://t.co/WgdgoA0WtP",Mon Mar 19 17:50:06 +0000 2018,78,-0.5574,0.0,0.847,0.153
@nytimes,Stuffed ham is one of America‚Äôs most regionally specific dishes. People in Southern Maryland cherish it. https://t.co/g2tDQy5xWK,Mon Mar 19 17:40:10 +0000 2018,79,0.3818,0.14,0.86,0.0
@nytimes,One NYT reader embraces the practice of flirting for tips https://t.co/bzmsCpF0sp https://t.co/35aiorjdej,Mon Mar 19 17:35:00 +0000 2018,80,0.2023,0.141,0.859,0.0
@nytimes,"RT @jasondhorowitz: Luigi Di Maio, 31, and Italy's potential next leader, was living at home ‚Äúuntil five years ago,‚Äù his mother tells me. M‚Ä¶",Mon Mar 19 17:30:06 +0000 2018,81,0.0,0.0,1.0,0.0
@nytimes,President Trump is planning to hire a lawyer who‚Äôs pushed theories on Fox News that Trump was framed by the FBI and‚Ä¶ https://t.co/W8oVqa5D2I,Mon Mar 19 17:17:10 +0000 2018,82,0.0,0.0,1.0,0.0
@nytimes,"The change of a single word in the new tax law means the MLB, NBA and other sports franchises could now face capita‚Ä¶ https://t.co/NBcgIvPN2X",Mon Mar 19 17:05:07 +0000 2018,83,0.0,0.0,1.0,0.0
@nytimes,"Breaking News: A woman died after being hit by a self-driving Uber car in Tempe, Arizona. It‚Äôs the first known pede‚Ä¶ https://t.co/KqD9AUqOm5",Mon Mar 19 16:55:21 +0000 2018,84,-0.5574,0.0,0.841,0.159
@nytimes,"RT @nytopinion: I am a junior in high school, and I regularly shoot guns, for target practice and hunting, writes Dakota Hanchett https://t‚Ä¶",Mon Mar 19 16:50:05 +0000 2018,85,-0.34,0.0,0.888,0.112
@nytimes,Britain will have a transition period after the country withdraws from the EU ‚Äî as long as a deal can be struck to‚Ä¶ https://t.co/j3M7RRrd5d,Mon Mar 19 16:40:07 +0000 2018,86,-0.25,0.0,0.909,0.091
@nytimes,What we know about the Austin bombings https://t.co/EfHgpraY8B,Mon Mar 19 16:30:10 +0000 2018,87,0.0,0.0,1.0,0.0
@nytimes,"The Austin police chief sent an unusual public message to the unknown bomber or bombers on Sunday: ""We assure you t‚Ä¶ https://t.co/BYmbbRdr6n",Mon Mar 19 16:20:09 +0000 2018,88,0.34,0.103,0.897,0.0
@nytimes,"RT @NYTMetro: Prewar walk-up, airy loft, garden flat or sky-high glass-and-steel cube ‚Äî we took a look at the history of the New York City‚Ä¶",Mon Mar 19 16:10:08 +0000 2018,89,0.0,0.0,1.0,0.0
@nytimes,"After we published an article examining how servers endure harassing behavior for tips, readers wrote in with their‚Ä¶ https://t.co/2zaaCSwtzd",Mon Mar 19 16:00:19 +0000 2018,90,-0.5423,0.0,0.837,0.163
@nytimes,"In her early 20s, Mary Ewing Outerbridge brought tennis to the U.S. in the 1870s, establishing what may have been A‚Ä¶ https://t.co/vqkNjr5uhs",Mon Mar 19 15:50:08 +0000 2018,91,0.0,0.0,1.0,0.0
@nytimes,"Michael Ferro stepped down as the chairman of Tronc, just weeks after he helped negotiate the sale of The Los Angel‚Ä¶ https://t.co/2ctT8mAELY",Mon Mar 19 15:39:25 +0000 2018,92,0.0,0.0,1.0,0.0
@nytimes,YouTube announced it would enlist Wikipedia‚Äôs help to deal with the proliferation of conspiracy theories and misinf‚Ä¶ https://t.co/BRgKu7qgmR,Mon Mar 19 15:30:02 +0000 2018,93,-0.1779,0.122,0.724,0.154
@nytimes,RT @nhannahjones: An absolutely devastating new study about race and black males. Sons of wealthy black parents no better off than sons of‚Ä¶,Mon Mar 19 15:20:05 +0000 2018,94,-0.3384,0.173,0.609,0.218
@nytimes,There‚Äôs never been a Native American congresswoman. That could change in 2018. https://t.co/sWz8dv2SQ5,Mon Mar 19 15:10:06 +0000 2018,95,0.0,0.0,1.0,0.0
@nytimes,"RT @NYTNational: ‚ÄúRules don‚Äôt matter for them. For them, this is a war, and it‚Äôs all fair,"" said a founder of Cambridge Analytica, a firm t‚Ä¶",Mon Mar 19 15:00:15 +0000 2018,96,-0.5859,0.042,0.808,0.15
@nytimes,‚ÄúOur community never should have been developed. It‚Äôs hundreds and hundreds of houses. Now we are proof that we nee‚Ä¶ https://t.co/jlC1TJJ7JE,Mon Mar 19 14:52:32 +0000 2018,97,0.0,0.0,1.0,0.0
@nytimes,"After Hurricane Harvey, thousands of homes in a Houston suburb were deliberately flooded by the federal government.‚Ä¶ https://t.co/x3cwgQEQkr",Mon Mar 19 14:51:34 +0000 2018,98,0.0,0.0,1.0,0.0
@nytimes,"In Opinion¬†

Op-Ed columnist @CharlesMBlow writes: ""How are international agreements supposed to be negotiated when‚Ä¶ https://t.co/iS7FGbJfIZ",Mon Mar 19 14:45:09 +0000 2018,99,0.2732,0.123,0.877,0.0
@nytimes,"Andrew Cuomo suggested that his name ""was never mentioned"" during his former aide's corruption trial. That is incor‚Ä¶ https://t.co/FlXRhzCHHl",Mon Mar 19 14:30:14 +0000 2018,100,0.0,0.0,1.0,0.0
